-- phpMyAdmin SQL Dump
-- version 5.2.0
-- https://www.phpmyadmin.net/
--
-- Host: 127.0.0.1
-- Generation Time: Sep 25, 2023 at 08:39 AM
-- Server version: 10.4.27-MariaDB
-- PHP Version: 8.2.0

SET SQL_MODE = "NO_AUTO_VALUE_ON_ZERO";
START TRANSACTION;
SET time_zone = "+00:00";


/*!40101 SET @OLD_CHARACTER_SET_CLIENT=@@CHARACTER_SET_CLIENT */;
/*!40101 SET @OLD_CHARACTER_SET_RESULTS=@@CHARACTER_SET_RESULTS */;
/*!40101 SET @OLD_COLLATION_CONNECTION=@@COLLATION_CONNECTION */;
/*!40101 SET NAMES utf8mb4 */;

--
-- Database: `dhereyedelivery`
--

-- --------------------------------------------------------

--
-- Table structure for table `admins`
--

CREATE TABLE `admins` (
  `id` bigint(20) UNSIGNED NOT NULL,
  `name` varchar(255) NOT NULL,
  `email` varchar(255) NOT NULL,
  `email_verified_at` timestamp NULL DEFAULT NULL,
  `password` varchar(255) NOT NULL,
  `image` varchar(255) DEFAULT NULL,
  `remember_token` varchar(100) DEFAULT NULL,
  `is_merchant` tinyint(4) NOT NULL DEFAULT 0,
  `merchant_id` varchar(30) DEFAULT NULL,
  `merchant_number` int(11) DEFAULT NULL,
  `is_deliveryman` int(2) NOT NULL DEFAULT 0,
  `deliveryman_id` int(11) DEFAULT NULL,
  `balance` float(13,2) NOT NULL DEFAULT 0.00 COMMENT 'auto come from txn',
  `status` int(1) NOT NULL DEFAULT 1 COMMENT '1=active,0=inactive,2=merchant request',
  `business_name` varchar(100) DEFAULT NULL,
  `business_owner_name` varchar(100) DEFAULT NULL,
  `business_owner_phone` varchar(16) DEFAULT NULL,
  `business_email` varchar(50) DEFAULT NULL,
  `address_line` varchar(100) DEFAULT NULL,
  `street_address` varchar(100) DEFAULT NULL,
  `city` int(10) DEFAULT NULL,
  `state` int(10) DEFAULT NULL,
  `zip_code` varchar(10) DEFAULT NULL,
  `bank_name` varchar(100) DEFAULT NULL,
  `bank_branch_name` varchar(100) DEFAULT NULL,
  `account_type` varchar(20) DEFAULT NULL,
  `account_holder_name` varchar(100) DEFAULT NULL,
  `account_number` varchar(100) DEFAULT NULL,
  `id_type` varchar(100) DEFAULT NULL,
  `id_number` varchar(50) DEFAULT NULL,
  `profile_pic` varchar(100) DEFAULT NULL,
  `id_font_image` varchar(100) DEFAULT NULL,
  `id_back_image` varchar(100) DEFAULT NULL,
  `agree` tinyint(4) NOT NULL DEFAULT 0,
  `created_by` int(11) DEFAULT NULL,
  `created_at` timestamp NULL DEFAULT NULL,
  `updated_at` timestamp NULL DEFAULT NULL,
  `updated_by` int(10) DEFAULT NULL,
  `topup_blance` float(13,2) NOT NULL DEFAULT 0.00
) ENGINE=InnoDB DEFAULT CHARSET=utf8mb4 COLLATE=utf8mb4_unicode_ci;

--
-- Dumping data for table `admins`
--

INSERT INTO `admins` (`id`, `name`, `email`, `email_verified_at`, `password`, `image`, `remember_token`, `is_merchant`, `merchant_id`, `merchant_number`, `is_deliveryman`, `deliveryman_id`, `balance`, `status`, `business_name`, `business_owner_name`, `business_owner_phone`, `business_email`, `address_line`, `street_address`, `city`, `state`, `zip_code`, `bank_name`, `bank_branch_name`, `account_type`, `account_holder_name`, `account_number`, `id_type`, `id_number`, `profile_pic`, `id_font_image`, `id_back_image`, `agree`, `created_by`, `created_at`, `updated_at`, `updated_by`, `topup_blance`) VALUES
(1, 'Arobil Admin', 'arobil@gmail.com', '2022-07-25 05:09:47', '$2y$10$3Q3hr3bQXgVKCRHn/xNC7OmZP2j7EQ5oB2jEWbht6XCNHLChRnvWa', 'uploads/admin/1695617186_651110a262dd5.jpg', 'SJWrtvRuu3slVKc1CosCfYMX2LJQwHXRJyo6xXmGGfn8QiFMVNmOVECxvlpR', 0, NULL, NULL, 0, NULL, 0.00, 1, NULL, NULL, NULL, NULL, NULL, NULL, NULL, NULL, NULL, NULL, NULL, NULL, NULL, NULL, NULL, NULL, NULL, NULL, NULL, 0, NULL, '2022-07-25 05:09:47', '2023-09-24 22:47:44', NULL, 10.00),
(2, 'Admin', 'admin@gmail.com', NULL, '$2y$10$RCj/wzKfwzX9cGJZnBu.beL8hZIqe/p9V2UdGxSmxvyZF7Hygr7o2', 'uploads/admin/1681724455_643d142729607.jpg', NULL, 0, NULL, NULL, 0, NULL, 0.00, 1, NULL, NULL, NULL, NULL, NULL, NULL, NULL, NULL, NULL, NULL, NULL, NULL, NULL, NULL, NULL, NULL, NULL, NULL, NULL, 0, NULL, '2022-08-22 05:56:33', '2023-04-29 08:47:29', NULL, 0.00),
(13, 'Merchant2', 'merchnat2@gmail.com', NULL, '$2y$10$qMrXGdyc2XNR1/3SQJ3tnOjsNJ3ugcGZ7bvyOD1PjTGiH1izsbFDq', 'uploads/admin/1681724085_643d12b5064b2.jpg', NULL, 1, '101', 101, 0, NULL, 0.00, 1, NULL, NULL, NULL, NULL, NULL, NULL, NULL, NULL, NULL, NULL, NULL, NULL, NULL, NULL, NULL, NULL, NULL, NULL, NULL, 0, NULL, '2023-04-17 00:23:18', '2023-04-29 09:28:27', NULL, 0.00),
(14, 'Moshiur Rahman', 'moshiur2187@gmail.com', NULL, '$2y$10$hh1HOvs4NGCIpkq3X13cZucX1c4lolbMbYOXuFAym1GIrKN6rF1j.', 'uploads/merchant/prfile_pic/1695617897_65111369c7cee.png', NULL, 1, '102', 102, 0, NULL, 0.00, 1, 'Arobil', 'Moshiur Rahman', '01681944126', 'moshiur2187@arobil.com', 'Dhaka, Banani', 'H12, R17', 2790953, 3889, '1200', 'DEMO', 'DEMO', 'current', 'DEMO', '013344555', 'Passport', '7899999', 'uploads/merchant/prfile_pic/1695617897_65111369c7cee.png', 'uploads/merchant/id_card/1695617897_6511136931906.png', 'uploads/merchant/id_card/1695617897_6511136980e3f.png', 1, 1, '2023-04-17 22:13:22', '2023-09-24 22:58:18', NULL, 0.00),
(15, 'Atik Khan', 'atik@gmail.com', NULL, '$2y$10$fJXaE/RWaG951woTyrfquORjNaHaVs34CoTi.QseDUCsDhBjTvPZW', 'uploads/admin/1681791557_643e1a455def7.jpg', NULL, 0, NULL, NULL, 0, NULL, 0.00, 1, NULL, NULL, NULL, NULL, NULL, NULL, NULL, NULL, NULL, NULL, NULL, NULL, NULL, NULL, NULL, NULL, NULL, NULL, NULL, 0, NULL, '2023-04-17 22:19:17', '2023-04-17 22:19:17', NULL, 0.00),
(16, 'Rofiqul Isalm', 'rofiqul@gmail.com', NULL, '$2y$10$yth3BnBkrfJa3XlWUQaE1eH.i8a5NeX68VpXE9i7TAFbFs3Mx2D9e', NULL, NULL, 0, NULL, NULL, 0, NULL, 0.00, 1, NULL, NULL, NULL, NULL, NULL, NULL, NULL, NULL, NULL, NULL, NULL, NULL, NULL, NULL, NULL, NULL, NULL, NULL, NULL, 0, NULL, '2023-04-17 22:24:30', '2023-04-17 22:24:30', NULL, 0.00),
(33, 'rtrt', 'admint@gmail.com', NULL, '$2y$10$2MgPyfxZyz3FtJMV85cxD.2Of3VixBOS6QKq677Pp4/WJzoL7Ivvq', NULL, NULL, 0, NULL, NULL, 0, NULL, 0.00, 1, NULL, NULL, NULL, NULL, NULL, NULL, NULL, NULL, NULL, NULL, NULL, NULL, NULL, NULL, NULL, NULL, NULL, NULL, NULL, 0, NULL, '2023-04-29 08:48:48', '2023-04-29 08:48:48', NULL, 0.00),
(36, 'Kalam', 'kalam@gmail.com', NULL, '$2y$10$m3s4waD2TjJWrb5ncyaHhePMBWqsbYR5CVKnDgCoNE7jJSFy0.LUy', 'uploads/merchant/prfile_pic/1686201350_648164069f015.jpeg', NULL, 1, '105', 105, 0, NULL, 0.00, 1, 'Kalam Traders', 'Kalam Khan', '01681993428', 'kalam@gmail.com', 'Banani , Dhaka', 'H23, R4, Banani', 2790953, 3889, '1200', 'DBBL', 'Banani', 'savings', 'Kalam Khan', '895666666', 'Passport', '899546545555', 'uploads/merchant/prfile_pic/1686201350_648164069f015.jpeg', 'uploads/merchant/id_card/1686201350_648164066b689.png', 'uploads/merchant/id_card/1686201350_64816406851fe.jpg', 0, 1, '2023-06-07 23:15:50', '2023-06-07 23:15:50', NULL, 525.00),
(38, 'Nafi', 'nafi@gmail.com', NULL, '$2y$10$n6AwIg0KBgr.essyge8VmOO3ni8UYcZp6FT3OLagEz.waQ4fU3UzW', 'uploads/deliveryman/prfile_pic/1686554532_6486c7a47754d.jpg', NULL, 0, NULL, NULL, 1, 1000, 0.00, 1, NULL, NULL, '016819444126', NULL, 'Banani', 'Banani', 2790952, 3889, '1200', 'DBBL', 'Banani', 'savings', 'Nafi', '7895666666', 'Passport', '7778887', 'uploads/deliveryman/prfile_pic/1686554532_6486c7a47754d.jpg', 'uploads/deliveryman/id_card/1686554531_6486c7a3e16ae.png', 'uploads/deliveryman/id_card/1686554532_6486c7a4097ca.jpeg', 0, 1, '2023-06-12 01:22:12', '2023-06-12 01:22:12', NULL, 0.00),
(39, 'dsfsdfsdf', 'dsfsd@da.com', NULL, '$2y$10$DprcWiMQxVGgfQNerMso2egnr.zSIBFEKTqcgbwzFQW2cOl0rarNe', NULL, NULL, 1, NULL, NULL, 0, NULL, 0.00, 2, 'dsfsdfsdf', 'sdfsdfsdf', '435345345', 'dsfsd@da.com', 'sdcsdfasd', 'asdasd', 2790952, 3889, '43345', 'sdfsdfsdf', 'sdfsdfs', 'savings', 'sdfsd sdfsdf', '34534534534345', 'Passport', '234234234', 'uploads/merchant/prfile_pic/1686645700_64882bc405865.png', 'uploads/merchant/id_card/1686645699_64882bc390862.png', 'uploads/merchant/id_card/1686645699_64882bc3c59aa.png', 1, NULL, '2023-06-13 02:41:40', '2023-06-13 02:41:40', NULL, 0.00),
(40, 'Jafors', 'jafor@gmail.com', NULL, '$2y$10$wn9ZrKHDvF5KX60H9.T33eplOXbmN8S3lHIaNknCqmgK/8WDmZlP6', 'uploads/deliveryman/prfile_pic/1695618002_651113d24eb9b.jpg', NULL, 0, NULL, NULL, 1, 1001, 0.00, 1, NULL, NULL, '01989345555', NULL, 'Banani', 'Banani', 2790952, 3889, '71734', 'DBBL', 'Banani', 'savings', 'Jafor', '7899999', 'Passport', '109', 'uploads/deliveryman/prfile_pic/1695618002_651113d24eb9b.jpg', 'uploads/deliveryman/id_card/1687441411_64945003a9536.jpg', 'uploads/deliveryman/id_card/1687441411_64945003baee2.jpg', 1, 1, '2023-06-22 07:43:32', '2023-09-25 00:26:28', NULL, 0.00),
(41, 'Tarek', 'tarek@gmail.com', NULL, '$2y$10$ofY.HHSJjdtX9FOhqgq7AekHmyS4e7cj.U8IEqAyNfAraEBWRLKoK', 'uploads/merchant/prfile_pic/1695618763_651116cb59310.jpg', NULL, 1, '106', NULL, 0, NULL, 0.00, 1, 'Tarek', 'Tarek khan', '458995556', 'info@tarek.com', 'Dhaka', 'bananai', 2790953, 3889, '7899', 'DBBL', 'Mirpur', 'savings', 'Tarek', '789TT888', 'National Identity Card', '7899999999', 'uploads/merchant/prfile_pic/1695618763_651116cb59310.jpg', 'uploads/merchant/id_card/1695618762_651116cab634b.png', 'uploads/merchant/id_card/1695618763_651116cb12104.png', 1, 1, '2023-09-24 23:12:43', '2023-09-24 23:13:44', NULL, 0.00),
(42, 'Kamal', 'info@kamal.com', NULL, '$2y$10$kmeS5T/h9Ut5c8bJaIHhDOAPYNeSGIQ./aC9uPoLGDY8b2siGGXK6', 'uploads/merchant/prfile_pic/1695619043_651117e3a2abd.png', NULL, 1, '107', NULL, 0, NULL, 0.00, 1, 'Kamal', 'Kamal Khan', '478856666', 'info@kamal.com', 'Mirpur,Dhaka', '12/8 B', 2790953, 3889, '7888', 'IBBL', 'Mirpur', 'savings', 'Kamal khan', '4855555', 'National Identity Card', '777777777777', 'uploads/merchant/prfile_pic/1695619043_651117e3a2abd.png', 'uploads/merchant/id_card/1695619043_651117e3853ee.jpg', 'uploads/merchant/id_card/1695619043_651117e397cd8.jpg', 1, NULL, '2023-09-24 23:17:23', '2023-09-24 23:24:20', NULL, 4010.00);

-- --------------------------------------------------------

--
-- Table structure for table `api_keys`
--

CREATE TABLE `api_keys` (
  `id` int(11) NOT NULL,
  `merchant_id` int(11) NOT NULL,
  `public_key` varchar(200) NOT NULL,
  `secret_key` varchar(200) NOT NULL,
  `mode` enum('live','demo') NOT NULL DEFAULT 'demo',
  `status` int(2) NOT NULL DEFAULT 1 COMMENT '0 = inactive, 1 = Active',
  `created_at` timestamp NOT NULL DEFAULT current_timestamp(),
  `updated_at` timestamp NOT NULL DEFAULT current_timestamp()
) ENGINE=InnoDB DEFAULT CHARSET=utf8mb4 COLLATE=utf8mb4_general_ci;

--
-- Dumping data for table `api_keys`
--

INSERT INTO `api_keys` (`id`, `merchant_id`, `public_key`, `secret_key`, `mode`, `status`, `created_at`, `updated_at`) VALUES
(1, 105, 'public_key_100', 'secret_key_100', 'demo', 1, '2023-07-09 07:04:16', '2023-07-09 07:04:16'),
(5, 105, 'live_Oii9t4Q4jh6gYtvInhlc105Q9pi8kCaa8vmgtotezkw', 'live_0xmLQgXZKKGZhktjGP7g10576JcB6XxxzMPbGOcQp5Q', 'live', 1, '2023-07-10 22:26:12', '2023-07-10 22:26:12'),
(6, 107, 'demo_WzKT3IrLyPvEdDLTxuLN1071RAgNeV4nr3QnxKgaLwA', 'demo_POOKUS3r1vpEpy0qQGe9107R5n7FfBPYDMgf9w67fnn', 'demo', 1, '2023-09-24 23:27:17', '2023-09-24 23:27:17'),
(7, 107, 'live_fRnTEG5zEIBmb25V2Pbs107B0Bj2UmMuuZYDW4vnR20', 'live_UOaas4jhM1MKFKTNAKEo10767PHc6aNB0LavQL584HF', 'live', 1, '2023-09-24 23:27:35', '2023-09-24 23:27:35');

-- --------------------------------------------------------

--
-- Table structure for table `cities`
--

CREATE TABLE `cities` (
  `id` int(11) UNSIGNED NOT NULL,
  `region_id` int(11) UNSIGNED NOT NULL,
  `country_id` smallint(5) UNSIGNED NOT NULL,
  `latitude` decimal(10,8) DEFAULT NULL,
  `longitude` decimal(11,8) DEFAULT NULL,
  `name` varchar(255) NOT NULL,
  `created_at` datetime DEFAULT NULL,
  `created_by` int(10) DEFAULT NULL,
  `updated_at` datetime DEFAULT NULL,
  `updated_by` int(10) DEFAULT NULL,
  `is_main_city` int(1) NOT NULL DEFAULT 0
) ENGINE=InnoDB DEFAULT CHARSET=latin1 COLLATE=latin1_swedish_ci;

--
-- Dumping data for table `cities`
--

INSERT INTO `cities` (`id`, `region_id`, `country_id`, `latitude`, `longitude`, `name`, `created_at`, `created_by`, `updated_at`, `updated_by`, `is_main_city`) VALUES
(2790952, 3889, 191, NULL, NULL, 'City1', '2023-04-15 10:34:27', NULL, '2023-04-15 10:34:27', NULL, 0),
(2790953, 3889, 191, NULL, NULL, 'joy Land', '2023-04-16 09:04:49', NULL, '2023-04-16 09:04:49', NULL, 0),
(2790954, 3889, 191, NULL, NULL, 'dhaka', '2023-09-02 10:42:29', NULL, '2023-09-02 10:42:29', NULL, 0);

-- --------------------------------------------------------

--
-- Table structure for table `config`
--

CREATE TABLE `config` (
  `id` int(10) UNSIGNED NOT NULL,
  `config_key` varchar(191) NOT NULL,
  `config_value` longtext NOT NULL,
  `created_at` timestamp NOT NULL DEFAULT current_timestamp(),
  `updated_at` timestamp NOT NULL DEFAULT current_timestamp()
) ENGINE=InnoDB DEFAULT CHARSET=utf8mb4 COLLATE=utf8mb4_unicode_ci;

--
-- Dumping data for table `config`
--

INSERT INTO `config` (`id`, `config_key`, `config_value`, `created_at`, `updated_at`) VALUES
(1, 'site_name', 'DhereyeDelivery', '2022-03-12 14:54:38', '2022-03-12 14:54:38'),
(2, 'currency', 'SOS', '2022-03-12 14:54:38', '2022-03-12 14:54:38'),
(3, 'timezone', 'Asia/Dhaka', '2022-03-12 14:54:38', '2022-03-12 14:54:38'),
(4, 'paypal_mode', 'sandbox', '2022-03-12 14:54:38', '2022-03-12 14:54:38'),
(5, 'paypal_client_id', 'Aa8_7OJaxmCZQpkx3hbzdySDz7haM0Wu6c6MmzX5JQsaywY1i8HMJo2ddnr9-pEEoRP3qvjflrxOVoXL', '2022-03-12 14:54:38', '2022-03-12 14:54:38'),
(6, 'paypal_secret', 'ELMx8Z_ddA0Z597lD-dDPssM4VxBbnWvvoxb1mjuIiMCHLRSzbSN6owESivW4moqRPPYOTyl1J9QxSx0', '2022-03-12 14:54:38', '2022-03-12 14:54:38'),
(7, 'razorpay_key', 'YOUR_RAZORPAY_KEY', '2022-03-12 14:54:38', '2022-03-12 14:54:38'),
(8, 'razorpay_secret', 'YOUR_RAZORPAY_SECRET', '2022-03-12 14:54:38', '2022-03-12 14:54:38'),
(9, 'term', 'monthly', '2022-03-12 14:54:38', '2022-03-12 14:54:38'),
(10, 'stripe_publishable_key', 'pk_test_51M9pqYBIRmXVjgUGW3b1i91X0uTNeU6umRaoD9UprcFLotiHpfdBwgr4MnkbZoPuKKPFmdWJFVzWTwvUgxBrcl1d00OcqJU0Ta', '2022-03-12 14:54:38', '2022-03-12 14:54:38'),
(11, 'stripe_secret', 'sk_test_51M9pqYBIRmXVjgUG4VjKaH21Jm0s6KvLTcIZ6fgTqpvfIbfuVocHbjn4vOeVHX6yrJekPPw4xfphkU4EN7ItAqr500Q3kUMHc8', '2022-03-12 14:54:38', '2022-03-12 14:54:38'),
(12, 'app_theme', 'blue', '2022-03-12 14:54:38', '2022-03-12 14:54:38'),
(13, 'primary_image', '/frontend/assets/elements/home.gif', '2022-03-12 14:54:38', '2022-03-12 14:54:38'),
(14, 'secondary_image', '/frontend/assets/elements/home.svg', '2022-03-12 14:54:38', '2022-03-12 14:54:38'),
(15, 'tax_type', 'exclusive', '2022-03-12 14:54:38', '2022-03-12 14:54:38'),
(16, 'invoice_prefix', 'INV-', '2022-03-12 14:54:38', '2022-03-12 14:54:38'),
(17, 'invoice_name', 'mtgpro', '2022-03-12 14:54:38', '2022-03-12 14:54:38'),
(18, 'invoice_email', 'sales@mtgpro.me', '2022-03-12 14:54:38', '2022-03-12 14:54:38'),
(19, 'invoice_phone', '+88 01767671133', '2022-03-12 14:54:38', '2022-03-12 14:54:38'),
(20, 'invoice_address', '123, lorem ipsum', '2022-03-12 14:54:38', '2022-03-12 14:54:38'),
(21, 'invoice_city', 'dhaka', '2022-03-12 14:54:38', '2022-03-12 14:54:38'),
(22, 'invoice_state', 'dhaka', '2022-03-12 14:54:38', '2022-03-12 14:54:38'),
(23, 'invoice_zipcode', '1212', '2022-03-12 14:54:38', '2022-03-12 14:54:38'),
(24, 'invoice_country', 'Bangaldesh', '2022-03-12 14:54:38', '2022-03-12 14:54:38'),
(25, 'tax_name', 'Goods and Service Tax', '2022-03-12 14:54:38', '2022-03-12 14:54:38'),
(26, 'tax_value', '0', '2022-03-12 14:54:38', '2022-03-12 14:54:38'),
(27, 'tax_number', '0', '2022-03-12 14:54:38', '2022-03-12 14:54:38'),
(28, 'email_heading', 'Thanks for using mtgpro.me. This is an invoice for your recent purchase.', '2022-03-12 14:54:38', '2022-03-12 14:54:38'),
(29, 'email_footer', 'If you‚Äôre having trouble with the button above, please login into your web browser.', '2022-03-12 14:54:38', '2022-03-12 14:54:38'),
(30, 'invoice_footer', 'Thank you very much for doing business with us. We look forward to working with you again!', '2022-03-12 14:54:38', '2022-03-12 14:54:38'),
(31, 'share_content', 'Welcome to { business_name }, Here is my digital Digital Business Card, { business_url } \r\nPowered by: { appName }', '2022-03-12 14:54:38', '2022-03-12 14:54:38'),
(32, 'bank_transfer', 'Bank: FARM CREDIT BANK DN P&I\r\nBank Account Number: 18539734757                     \r\nRouting Number: 21054734\r\nIBAN: IN94769888520201207044719366\r\n\r\nBank: FARM CREDIT BANK DN P&I\r\nBank Account Number: 18539734757                     \r\nRouting Number: 21054734\r\nIBAN: IN94769888520201207044719366', '2022-03-12 14:54:38', '2022-03-12 14:54:38'),
(33, 'stripe_endpoint_secret', 'whsec_akol6QZWkkwjhIsX5crV0PwYNGyLnRcx', '2022-06-28 16:41:12', '2022-06-28 16:41:12');

-- --------------------------------------------------------

--
-- Table structure for table `contacts`
--

CREATE TABLE `contacts` (
  `id` int(11) NOT NULL,
  `name` varchar(255) NOT NULL,
  `email` varchar(255) NOT NULL,
  `phone` int(11) NOT NULL DEFAULT 0,
  `reason` varchar(255) NOT NULL DEFAULT '0',
  `message` text NOT NULL DEFAULT 0,
  `status` int(3) NOT NULL DEFAULT 0 COMMENT '0 = inactive,\r\n1 = Active',
  `created_at` timestamp NOT NULL DEFAULT current_timestamp(),
  `updated_at` timestamp NOT NULL DEFAULT current_timestamp()
) ENGINE=InnoDB DEFAULT CHARSET=utf8mb4 COLLATE=utf8mb4_general_ci;

--
-- Dumping data for table `contacts`
--

INSERT INTO `contacts` (`id`, `name`, `email`, `phone`, `reason`, `message`, `status`, `created_at`, `updated_at`) VALUES
(2, 'test', 'test@gmail.com', 1798194412, '0', 'testttt', 0, '2023-02-13 05:22:39', '2023-02-13 05:22:39'),
(3, 'Mike Benson', 'mikeMl@gmail.com', 0, '0', 'Greetings \r\n \r\nThis is Mike Benson\r\n \r\nLet me show you our latest research results from our constant SEO feedbacks that we have from our plans: \r\n \r\nhttps://www.strictlydigital.net/product/semrush-backlinks/ \r\n \r\nThe new Semrush Backlinks, which will make your dhereyedelivery.com SEO trend have an immediate push. \r\nThe method is actually very simple, we are building links from domains that have a high number of keywords ranking for them.¬† \r\n \r\nForget about the SEO metrics or any other factors that so many tools try to teach you that is good. The most valuable link is the one that comes from a website that has a healthy trend and lots of ranking keywords. \r\nWe thought about that, so we have built this plan for you \r\n \r\nCheck in detail here: \r\nhttps://www.strictlydigital.net/product/semrush-backlinks/ \r\n \r\nCheap and effective \r\n \r\nTry it anytime soon \r\n \r\n \r\nRegards \r\n \r\nMike Benson\r\n \r\nmike@strictlydigital.net', 0, '2023-07-07 02:28:33', '2023-07-07 02:28:33'),
(4, 'Timothyroona', 'debugyun54@gmail.com', 0, '0', 'Hello Ì†ΩÌ±ã \r\n \r\nDid you know that almost 60 million websites make money using Adsense? And I found that your website  could not be monetized at its best. \r\n \r\nIt may be the same situation for most people who want to join Google Adsense but have not met their requirements. \r\n \r\nBut there is another way, even better than Google Adsense. This platform is A Google Certified Publishing Partner, and joining them is free. It can help us to increase ad revenue 50-250% \r\n \r\nIf you have time, let\'s check them out at  https://bit.ly/betterthanAd \r\n \r\nLet‚Äôs monetize together \r\n \r\nBest regards \r\n \r\nJerald J. Downing \r\n \r\n \r\nPlease accept my apologies if this message disturbs you.', 0, '2023-07-07 13:52:56', '2023-07-07 13:52:56'),
(5, 'Josephres', 'no.reply.SimonMiller@gmail.com', 0, '0', 'Hi there! dhereyedelivery.com \r\n \r\nDid you know that it is possible to send appeals utterly legit? We tender a lawful method of sending business offers through feedback forms. These kinds of feedback forms can be seen on numerous webpages. \r\nWhen such letters are sent, no personal data is utilized, and messages are sent to securely-designed forms that are specifically meant to receive messages and appeals. Also, messages sent through Contact Forms do not get into spam because such messages are considered to be important. \r\nYou can use our service with no cost to you. \r\nOn your behalf, we can send up to 50,000 messages. \r\n \r\nThe cost of sending one million messages is $59. \r\n \r\nThis letter is automatically generated. \r\nPlease use the contact details below to get in touch with us. \r\n \r\nContact us. \r\nTelegram - https://t.me/FeedbackFormEU \r\nSkype  live:feedbackform2019 \r\nWhatsApp  +375259112693 \r\nWhatsApp  https://wa.me/+375259112693 \r\n \r\nWe only use chat for communication.', 0, '2023-07-07 14:29:23', '2023-07-07 14:29:23'),
(6, 'Davidcep', 'debugyun54@gmail.com', 0, '0', 'They say nothing good comes for free... \r\n \r\nBut they\'re wrong: \r\n \r\nThis Tool is going to make all your content problems VANISH. \r\n \r\nThere is simply no easier or better-value way to create articles than this. \r\n \r\nHire writers?  They\'re unreliable and the costs mount up fast. \r\n \r\nUse a non-ENL spinner?  The content they produce is unreadable.  No one -- including Google -- is ever going to believe it\'s not auto-generated.  You end up spending hours rewriting the mess. \r\n \r\nWith This Tool, it\'s high quality every time. \r\n \r\nPure natural language. \r\n \r\nHave a look at the examples here, you\'re going to be blown away: \r\n \r\nhttps://bit.ly/3WPOOrR \r\n \r\nAnd you shouldn\'t just see this as a way of getting the content you need easier. \r\n \r\nMaybe now with This Tool, you can finally create enough content to manage a couple of PBN sites. \r\n \r\nImagine being able to generate enough high-quality articles to support a network of 50 sites! \r\n \r\nImagine being able to support dozens more blogs. \r\n \r\nImagine never having to worry about Google deindexing them for poor content, because it just looks so natural. \r\n \r\nOther spinners promise this.  This Tool delivers. \r\n \r\nBut right now, it makes no sense not to try it for yourself. \r\n \r\nYou can get access for five days for FREE. \r\n \r\nYeah, free.  Not \'guaranteed\' kind of free.  \'FREE\' kind of free.  Pay-absolutely-nothing-and-still-get-the-tool kind of free. \r\n \r\nSign up for one of the (heavily discounted) annual plans, and you can try This Tool out for 5 days without paying a cent. \r\n \r\nThat shows real confidence in a product. \r\n \r\nBut this deal won\'t last forever. \r\n \r\nIn fact, it\'s only lasting a couple more days. \r\n \r\nCheers, \r\n \r\nJerald J. Downing \r\n \r\nPlease accept my apologies if this message disturbs you.', 0, '2023-07-12 12:49:17', '2023-07-12 12:49:17'),
(7, 'Mike Duncan', 'mikeDepayduppevy@gmail.com', 0, '0', 'If you are looking to rank your local business on Google Maps in a specific area, this service is for you. \r\n \r\nGoogle Map Stacking is a highly effective technique for ranking your GMB within a specific mile radius. \r\n \r\nMore info: \r\nhttps://www.speed-seo.net/product/google-maps-pointers/ \r\n \r\nThanks and Regards \r\nMike Duncan\r\n \r\n \r\nPS: Want a comprehensive local plan that covers everything? \r\nhttps://www.speed-seo.net/product/local-seo-bundle/', 0, '2023-07-17 03:21:07', '2023-07-17 03:21:07'),
(8, 'Mike Fleming', 'mikelokssnini@gmail.com', 0, '0', 'Hi there \r\n \r\nJust checked your dhereyedelivery.com backlink profile, I noticed a moderate percentage of toxic links pointing to your website \r\n \r\nWe will investigate each link for its toxicity and perform a professional clean up for you free of charge. \r\n \r\nStart recovering your ranks today: \r\nhttps://www.hilkom-digital.de/professional-linksprofile-clean-up-service/ \r\n \r\n \r\nRegards \r\nMike Fleming\r\nHilkom Digital SEO Experts \r\nhttps://www.hilkom-digital.de/', 0, '2023-07-20 21:17:19', '2023-07-20 21:17:19'),
(9, 'Martin Jose Barreiro', 'barreiromartin36@gmail.com', 0, '0', 'Hello \r\nMy name is Br.Martin Jose Barreiro, I am a Lawyer and I pratices here in Madrid Spain.  I have previously sent you an email regarding a transaction of US$13.5 Million left behind by my late client before his tragic death. \r\nHowever I am reaching out to you once again because after going through your profile, I strongly believe that you will be in a better position to execute this business transaction with me. \r\nI suggest after the transaction, we donate 5% of the money to charity organizations while the remaining 95% is shared equally between us. \r\nIf you are interested to proceed with me, kindly respond to me via this email  legalmj@barieroabogados.com for more detail. \r\nThis transaction is 100% risk free and I look forward to your response. \r\nYours sincerely \r\nMartin Jose Barreiro,, \r\nLawyer \r\nPhone: +34 661 220 756 \r\nE-mail:  legalmj@barieroabogados.com \r\nWeb:  http://www.barreiroabogado.com/', 0, '2023-07-22 15:41:37', '2023-07-22 15:41:37'),
(10, 'Ola Ellwood', 'ellwood.ola@yahoo.com', 0, '0', 'Let me submit your site to 35 classified ad sites for free. Go ahead and claim your free submission here: http://submityoursitefree.12com.xyz/', 0, '2023-07-24 16:59:48', '2023-07-24 16:59:48'),
(11, 'Mike Taft', 'mikeLoxAmemy@gmail.com', 0, '0', 'Hi there, \r\n \r\nMy name is Mike from Monkey Digital, \r\n \r\nAllow me to present to you a lifetime revenue opportunity of 35% \r\nThat\'s right, you can earn 35% of every order made by your affiliate for life. \r\n \r\nSimply register with us, generate your affiliate links, and incorporate them on your website, and you are done. It takes only 5 minutes to set up everything, and the payouts are sent each month. \r\n \r\nClick here to enroll with us today: \r\nhttps://www.monkeydigital.org/affiliate-dashboard/ \r\n \r\nThink about it, \r\nEvery website owner requires the use of search engine optimization (SEO) for their website. This endeavor holds significant potential for both parties involved. \r\n \r\nThanks and regards \r\nMike Taft\r\n \r\nMonkey Digital', 0, '2023-07-25 10:37:19', '2023-07-25 10:37:19'),
(12, 'Peter Addington', 'peterPela@gmail.com', 0, '0', 'Hello dhereyedelivery.com Owner. \r\n \r\nAre you looking to boost your business‚Äô visibility on the internet as well as reach even more prospective clients? Being included in Google Autocomplete can enhance your company\'s branding, reputation, as well as targeting, causing boosted website web traffic as well as revenue. \r\n \r\nPlease go here https://www.digital-x-press.com/autosuggest/ to find how your business can take advantage of Google Autocomplete and enhance your sales potential. \r\n \r\n \r\nThank you \r\n \r\nPeter Addington\r\nDigital X Press SEO Agency', 0, '2023-07-26 23:54:55', '2023-07-26 23:54:55'),
(13, 'Mike Abramson', 'mikeeurord@gmail.com', 0, '0', 'Hi there, \r\n \r\nI have reviewed your domain in MOZ and have observed that you may benefit from an increase in authority. \r\n \r\nOur solution guarantees you a high-quality domain authority score within a period of three months. This will increase your organic visibility and strengthen your website authority, thus making it stronger against Google updates. \r\n \r\nCheck out our deals for more details. \r\nhttps://www.monkeydigital.co/domain-authority-plan/ \r\n \r\nNEW: Ahrefs Domain Rating \r\nhttps://www.monkeydigital.co/ahrefs-seo/ \r\n \r\nThanks and regards \r\nMike Abramson', 0, '2023-07-27 12:33:47', '2023-07-27 12:33:47'),
(14, 'Cheryl Roden', 'roden.cheryl41@gmail.com', 0, '0', 'I am pleased to inform you that you can now submit your site to our business directory for free. Visit: http://submityoursitefree.12com.xyz/', 0, '2023-07-30 09:18:26', '2023-07-30 09:18:26'),
(15, 'MarcusAxosy', 'debugyun54@gmail.com', 0, '0', 'Hey guys, Ì†ΩÌ±ã \r\n \r\nIs it possible for 181,000 people to be wrong? \r\n \r\nBecause that\'s how many people have used This Tool. \r\n \r\n(I mean, even a bit more than that.  But I can\'t blame Aaron for getting bored counting when he got that high.) \r\n \r\nThis isn\'t some fly-by-night spinning tool.  This is the market leader. \r\n \r\nFor the next couple of days, you can get a free trial to find out why: \r\n \r\nIt\'s not a secret I think This Tool is the best out there. \r\n \r\nBut don\'t just take my word for it. \r\n \r\nIt\'s helped Rod create hundreds of articles with little or no rewriting: \r\n \r\n\"This Tool has greatly increased my productivity. I do a lot of content marketing, and being able to spin into unique articles without having to do much if any rewriting has made my process so much faster and efficient. If you are not using the power of This Tool in your business you owe it to yourself to give it a try.\" \r\n \r\nIt\'s cut Tim\'s content costs by 90%: \r\n \r\n\"This Tool is extremely easy to use, and the quality is the best available on the market... PERIOD!!! Even if you are new to marketing, you know that content is a major cornerstone. We use to spend thousands of dollars having content developed. Using This Tool has cut our costs by 90%. The best part is we did not have to sacrifice quality in order to increase production.\" \r\n \r\nIt\'s one of Dan\'s core set: \r\n \r\n\"This Tool was one of the first marketing tools I ever bought - it\'s the only marketing tool that I\'ve stuck with over the past year and a half. Aside from competition & link analysis tools (MOZ, Majestic, Ahrefs & SEMrush) its the only product you really NEED to get yourself started. I use it weekly and would highly recommend it!\" \r\n \r\nMichael was burned by other spinners, but This Tool restored his faith: \r\n \r\n\"I purchased The Best Spinner first and used it for a few days before refunding my money because it just wasn\'t as easy as advertised. I almost called it quits until I found This Tool and I was amazed at how simple the software was and the quality of the spins produced. You just won yourself a long time customer. Thanks!\" \r\n \r\nMike\'s saved thousands of hours: \r\n \r\n\"This Tool has saved me hundreds, if not thousands of hours. I have had articles and content that needed to be pushed and published to thousands of locations. With This Tool, with a few clicks, I was given thousands of unique articles in a matter of minutes. The time saved by using This Tool has been invaluable.\" \r\n \r\nKevin\'s a big fan of how widely the API is supported: \r\n \r\n\"I love that it integrates with most software on the market. I have tried all of the spinners out there and nothing compares to This Tool! It is by far the easiest to use, most powerful spinner that provides the best results on the market.\" \r\n \r\nhttps://bit.ly/3WPOOrR \r\n \r\nThese are just a few of the people who have found that This Tool put their business into overdrive. \r\n \r\nYou can join them. \r\n \r\nAnd you can try it out for free \r\n \r\nCheers, \r\n \r\nRobin W. Beals \r\n \r\nPlease accept my apologies if this message disturbs you.', 0, '2023-08-01 02:11:41', '2023-08-01 02:11:41'),
(16, 'Mike Abramson', 'mikeMl@gmail.com', 0, '0', 'Greetings \r\n \r\nThis is Mike Abramson\r\n \r\nLet me show you our latest research results from our constant SEO feedbacks that we have from our plans: \r\n \r\nhttps://www.strictlydigital.net/product/semrush-backlinks/ \r\n \r\nThe new Semrush Backlinks, which will make your dhereyedelivery.com SEO trend have an immediate push. \r\nThe method is actually very simple, we are building links from domains that have a high number of keywords ranking for them.¬† \r\n \r\nForget about the SEO metrics or any other factors that so many tools try to teach you that is good. The most valuable link is the one that comes from a website that has a healthy trend and lots of ranking keywords. \r\nWe thought about that, so we have built this plan for you \r\n \r\nCheck in detail here: \r\nhttps://www.strictlydigital.net/product/semrush-backlinks/ \r\n \r\nCheap and effective \r\n \r\nTry it anytime soon \r\n \r\n \r\nRegards \r\n \r\nMike Abramson\r\n \r\nmike@strictlydigital.net', 0, '2023-08-02 11:56:26', '2023-08-02 11:56:26'),
(17, 'Kimberly Bachman', 'bachman.kimberly@gmail.com', 0, '0', 'Quick question to ask you...\r\n \r\nAre you aware that in 2023, email marketing still works? \r\nThe fact that you are reading these lines is proof of that.\r\n\r\nEmail marketing is underrated, and yet it works so well.  \r\nAll you have to do is find some emails, send a message and cash in.\r\n\r\nFor example, to find emails you can use this service: https://garymarketing.com/go/scrap-gmap\r\n\r\nIt extracts emails, phone numbers, and lots of other information from Google Map listings.\r\n\r\nOf course, there are plenty of other ways to get in touch with your ideal customers.\r\nContact me on Skype and let\'s discuss what will work for your product/service. \r\n- My Skype ID: live:.cid.6b79b1d5a11a2ec7\r\n- My Blog : garymarketing.com\r\n\r\n\r\nRegards,\r\nGary & Oph√©lie\r\n\r\n\r\n\r\n------ \r\n\r\nJ\'ai une petite question √† vous poser...\r\n\r\nSavez-vous qu\'en 2023, l\'email marketing fonctionne toujours tr√®s bien ? \r\nLa preuve, vous lisez ces lignes.\r\n\r\nL\'email marketing est clairement sous-cout√©,\r\nIl  suffit de trouver les coordonn√©es de vos clients id√©aux, d\'entrer en contact, et d\'encaisser.\r\n\r\nPour trouver les coordonn√©es d\'entreprise, vous pouvez par exemple utiliser ce service : scrapmybusiness.com\r\nIl permet d\'extraire les emails, les num√©ros de t√©l√©phone et de nombreuses autres informations a partir des fiches entreprises de Google Map.\r\n\r\nBien sur il y\'a plein d\'autre solutions pour entrer en contact avec vos clients id√©aux\r\n\r\nAjouter moi sur Skype et discutons de ce qui conviendrait le plus pour promouvoir votre produit/service.\r\n- Identifiant Skype: live:.cid.83c9da999a4f9f\r\n- Mon Blog : http://garymarketing.com\r\n\r\nCordialement,\r\nOph√©lie et Gary.', 0, '2023-08-03 22:45:45', '2023-08-03 22:45:45'),
(18, 'Raymundo Alves', 'alves.raymundo24@gmail.com', 0, '0', 'Quick question to ask you...\r\n \r\nAre you aware that in 2023, email marketing still works? \r\nThe fact that you are reading these lines is proof of that.\r\n\r\nEmail marketing is underrated, and yet it works so well.  \r\nAll you have to do is find some emails, send a message and cash in.\r\n\r\nFor example, to find emails you can use this service: https://garymarketing.com/go/scrap-gmap\r\n\r\nIt extracts emails, phone numbers, and lots of other information from Google Map listings.\r\n\r\nOf course, there are plenty of other ways to get in touch with your ideal customers.\r\nContact me on Skype and let\'s discuss what will work for your product/service. \r\n- My Skype ID: live:.cid.6b79b1d5a11a2ec7\r\n- My Blog : garymarketing.com\r\n\r\n\r\nRegards,\r\nGary & Oph√©lie\r\n\r\n\r\n\r\n------ \r\n\r\nJ\'ai une petite question √† vous poser...\r\n\r\nSavez-vous qu\'en 2023, l\'email marketing fonctionne toujours tr√®s bien ? \r\nLa preuve, vous lisez ces lignes.\r\n\r\nL\'email marketing est clairement sous-cout√©,\r\nIl  suffit de trouver les coordonn√©es de vos clients id√©aux, d\'entrer en contact, et d\'encaisser.\r\n\r\nPour trouver les coordonn√©es d\'entreprise, vous pouvez par exemple utiliser ce service : scrapmybusiness.com\r\nIl permet d\'extraire les emails, les num√©ros de t√©l√©phone et de nombreuses autres informations a partir des fiches entreprises de Google Map.\r\n\r\nBien sur il y\'a plein d\'autre solutions pour entrer en contact avec vos clients id√©aux\r\n\r\nAjouter moi sur Skype et discutons de ce qui conviendrait le plus pour promouvoir votre produit/service.\r\n- Identifiant Skype: live:.cid.83c9da999a4f9f\r\n- Mon Blog : http://garymarketing.com\r\n\r\nCordialement,\r\nOph√©lie et Gary.', 0, '2023-08-04 22:44:30', '2023-08-04 22:44:30'),
(19, 'Mike Oldridge', 'mikeDepayduppevy@gmail.com', 0, '0', 'If you are looking to rank your local business on Google Maps in a specific area, this service is for you. \r\n \r\nGoogle Map Stacking is a highly effective technique for ranking your GMB within a specific mile radius. \r\n \r\nMore info: \r\nhttps://www.speed-seo.net/product/google-maps-pointers/ \r\n \r\nThanks and Regards \r\nMike Oldridge\r\n \r\n \r\nPS: Want a comprehensive local plan that covers everything? \r\nhttps://www.speed-seo.net/product/local-seo-bundle/', 0, '2023-08-08 00:04:53', '2023-08-08 00:04:53'),
(20, 'Mike Gerald', 'mikelokssnini@gmail.com', 0, '0', 'Hi there \r\n \r\nJust checked your dhereyedelivery.com baclink profile, I noticed a moderate percentage of toxic links pointing to your website \r\n \r\nWe will investigate each link for its toxicity and perform a professional clean up for you free of charge. \r\n \r\nStart recovering your ranks today: \r\nhttps://www.hilkom-digital.de/professional-linksprofile-clean-up-service/ \r\n \r\n \r\nRegards \r\nMike Gerald\r\nHilkom Digital SEO Experts \r\nhttps://www.hilkom-digital.de/', 0, '2023-08-17 16:26:11', '2023-08-17 16:26:11'),
(21, 'Mike Carroll', 'mikeLoxAmemy@gmail.com', 0, '0', 'Hi there, \r\n \r\nMy name is Mike from Monkey Digital, \r\n \r\nAllow me to present to you a lifetime revenue opportunity of 35% \r\nThat\'s right, you can earn 35% of every order made by your affiliate for life. \r\n \r\nSimply register with us, generate your affiliate links, and incorporate them on your website, and you are done. It takes only 5 minutes to set up everything, and the payouts are sent each month. \r\n \r\nClick here to enroll with us today: \r\nhttps://www.monkeydigital.org/affiliate-dashboard/ \r\n \r\nThink about it, \r\nEvery website owner requires the use of search engine optimization (SEO) for their website. This endeavor holds significant potential for both parties involved. \r\n \r\nThanks and regards \r\nMike Carroll\r\n \r\nMonkey Digital', 0, '2023-08-24 19:40:13', '2023-08-24 19:40:13'),
(22, 'Mike Nyman', 'peterPela@gmail.com', 0, '0', 'Howdy \r\n \r\nI have just took a look on your SEO for  dhereyedelivery.com for the ranking keywords and saw that your website could use a push. \r\n \r\nWe will enhance your ranks organically and safely, using only state of the art AI and whitehat methods, while providing monthly reports and outstanding support. \r\n \r\nMore info: \r\nhttps://www.digital-x-press.com/unbeatable-seo/ \r\n \r\n \r\nRegards \r\nMike Nyman\r\nDigital X SEO Experts', 0, '2023-08-25 01:30:32', '2023-08-25 01:30:32'),
(23, 'Mike Nash', 'mikeeurord@gmail.com', 0, '0', 'Hi there, \r\n \r\nI have reviewed your domain in MOZ and have observed that you may benefit from an increase in authority. \r\n \r\nOur solution guarantees you a high-quality domain authority score within a period of three months. This will increase your organic visibility and strengthen your website authority, thus making it stronger against Google updates. \r\n \r\nCheck out our deals for more details. \r\nhttps://www.monkeydigital.co/domain-authority-plan/ \r\n \r\nNEW: Ahrefs Domain Rating \r\nhttps://www.monkeydigital.co/ahrefs-seo/ \r\n \r\nThanks and regards \r\nMike Nash', 0, '2023-08-26 17:33:24', '2023-08-26 17:33:24'),
(24, 'Mike Bargeman', 'mikeMl@gmail.com', 0, '0', 'Hi there \r\n \r\nThis is Mike Bargeman\r\n \r\nLet me introduce to you our latest research results from our constant SEO feedbacks that we have from our plans: \r\n \r\nhttps://www.strictlydigital.net/product/semrush-backlinks/ \r\n \r\nThe new Semrush Backlinks, which will make your dhereyedelivery.com SEO trend have an immediate push. \r\nThe method is actually very simple, we are building links from domains that have a high number of keywords ranking for them.¬† \r\n \r\nForget about the SEO metrics or any other factors that so many tools try to teach you that is good. The most valuable link is the one that comes from a website that has a healthy trend and lots of ranking keywords. \r\nWe thought about that, so we have built this plan for you \r\n \r\nCheck in detail here: \r\nhttps://www.strictlydigital.net/product/semrush-backlinks/ \r\n \r\nCheap and effective \r\n \r\nTry it anytime soon \r\n \r\n \r\nRegards \r\n \r\nMike Bargeman\r\n \r\nmike@strictlydigital.net', 0, '2023-08-31 01:04:15', '2023-08-31 01:04:15'),
(25, 'Brown De-cole', 'pinnpidaa@gmail.com', 0, '0', 'Hello, \r\n \r\nI wish to have a private business discussion that involves millions with you and this would be of a great benefit to both parties if handled well. \r\n \r\nKindly response with your phone number for more details. \r\n \r\nThanks, \r\n \r\nBrown De-cole \r\nEmail: pinnpidaa@gmail.com', 0, '2023-09-08 08:08:24', '2023-09-08 08:08:24'),
(26, 'Mike Lamberts', 'mikeDepayduppevy@gmail.com', 0, '0', 'If you are looking to rank your local business on Google Maps in a specific area, this service is for you. \r\n \r\nGoogle Map Stacking is a highly effective technique for ranking your GMB within a specific mile radius. \r\n \r\nMore info: \r\nhttps://www.speed-seo.net/product/google-maps-pointers/ \r\n \r\nThanks and Regards \r\nMike Lamberts\r\n \r\n \r\nPS: Want a comprehensive local plan that covers everything? \r\nhttps://www.speed-seo.net/product/local-seo-bundle/', 0, '2023-09-10 05:17:49', '2023-09-10 05:17:49'),
(27, 'Kimberly de Castella', 'kimberly.decastella88@gmail.com', 0, '0', 'I just left you this message on your website contact form at dhereyedelivery.com and I have also sent it to millions of other sites. I get new customers every day using this method and so can you! For info and pricing, just reach out to me via Skype here: live:.cid.aebc78a94c13344c', 0, '2023-09-12 21:20:44', '2023-09-12 21:20:44'),
(28, 'Mike Parson', 'mikelokssnini@gmail.com', 0, '0', 'Hi there \r\n \r\nJust checked your dhereyedelivery.com baclink profile, I noticed a moderate percentage of toxic links pointing to your website \r\n \r\nWe will investigate each link for its toxicity and perform a professional clean up for you free of charge. \r\n \r\nStart recovering your ranks today: \r\nhttps://www.hilkom-digital.de/professional-linksprofile-clean-up-service/ \r\n \r\n \r\nRegards \r\nMike Parson\r\nHilkom Digital SEO Experts \r\nhttps://www.hilkom-digital.de/', 0, '2023-09-13 21:12:37', '2023-09-13 21:12:37'),
(29, 'Burton Mccarter', 'mccarter.burton@gmail.com', 0, '0', 'Quick question to ask you... Are you aware that by reading this message you just proved that contact form marketing works? That\'s right, and we can get eyeballs on your offer too! Pricing starts at just $100 to blast YOUR ad message to 1 MILLION contact forms on websites just like yours worldwide. Contact me on Email and let\'s discuss what will work for your product/service. My Skype Address is: live:.cid.dd8a3501619891fe this message was sent to your website contact form at: dhereyedelivery.com', 0, '2023-09-19 16:44:14', '2023-09-19 16:44:14'),
(30, 'Mike Wilson', 'peterPela@gmail.com', 0, '0', 'Hi \r\n \r\nI have just took an in depth look on your  dhereyedelivery.com for the ranking keywords and saw that your website could use a boost. \r\n \r\nWe will improve your ranks organically and safely, using only state of the art AI and whitehat methods, while providing monthly reports and outstanding support. \r\n \r\nMore info: \r\nhttps://www.digital-x-press.com/unbeatable-seo/ \r\n \r\n \r\nRegards \r\nMike Wilson\r\nDigital X SEO Experts', 0, '2023-09-20 02:04:43', '2023-09-20 02:04:43'),
(31, 'Jamesmyday', 'dontreplay@gmail.com', 0, '0', '◊®◊ê◊ô◊™◊ô ◊ê◊™ ◊î◊ê◊™◊® ◊©◊ú◊ö ◊ï◊ê◊î◊ë◊™◊ô ◊û◊ê◊ï◊ì, ◊ê◊©◊û◊ó ◊ú◊î◊¶◊ô◊¢ ◊ú◊ö ◊ú◊ë◊ì◊ï◊ß ◊ï◊ú◊®◊ê◊ï◊™ ◊ú◊ú◊ê ◊¢◊ú◊ï◊™ ◊õ◊ô◊¶◊ì ◊©◊ô◊®◊ï◊™◊ô ◊î◊ê◊ó◊°◊ï◊ü ◊©◊ú◊†◊ï ◊û◊©◊§◊®◊ô◊ù ◊û◊©◊û◊¢◊ï◊™◊ô◊™ ◊ê◊™ ◊î◊ë◊ô◊¶◊ï◊¢◊ô◊ù ◊ë◊ê◊™◊® ◊©◊ú◊ö. \r\n◊û◊ï◊ñ◊û◊†◊ô◊ù ◊ú◊î◊™◊®◊©◊ù ◊ï◊ú◊†◊°◊ï◊™ ◊ë◊ó◊ô◊†◊ù: \r\nhttps://bit.ly/3EKcrK4', 0, '2023-09-20 08:58:37', '2023-09-20 08:58:37'),
(32, 'Mike Fulton', 'mikeLoxAmemy@gmail.com', 0, '0', 'Hi there, \r\n \r\nMy name is Mike from Monkey Digital, \r\n \r\nAllow me to present to you a lifetime revenue opportunity of 35% \r\nThat\'s right, you can earn 35% of every order made by your affiliate for life. \r\n \r\nSimply register with us, generate your affiliate links, and incorporate them on your website, and you are done. It takes only 5 minutes to set up everything, and the payouts are sent each month. \r\n \r\nClick here to enroll with us today: \r\nhttps://www.monkeydigital.org/affiliate-dashboard/ \r\n \r\nThink about it, \r\nEvery website owner requires the use of search engine optimization (SEO) for their website. This endeavor holds significant potential for both parties involved. \r\n \r\nThanks and regards \r\nMike Fulton\r\n \r\nMonkey Digital', 0, '2023-09-20 12:53:24', '2023-09-20 12:53:24'),
(33, 'Mike Foster', 'mikeeurord@gmail.com', 0, '0', 'Hi there, \r\n \r\nI have reviewed your domain in MOZ and have observed that you may benefit from an increase in authority. \r\n \r\nOur solution guarantees you a high-quality domain authority score within a period of three months. This will increase your organic visibility and strengthen your website authority, thus making it stronger against Google updates. \r\n \r\nCheck out our deals for more details. \r\nhttps://www.monkeydigital.co/domain-authority-plan/ \r\n \r\nNEW: Ahrefs Domain Rating \r\nhttps://www.monkeydigital.co/ahrefs-seo/ \r\n \r\nThanks and regards \r\nMike Foster', 0, '2023-09-21 12:06:42', '2023-09-21 12:06:42');

-- --------------------------------------------------------

--
-- Table structure for table `countries`
--

CREATE TABLE `countries` (
  `id` smallint(5) UNSIGNED NOT NULL,
  `name` varchar(255) NOT NULL,
  `code` varchar(10) NOT NULL,
  `updated_at` datetime DEFAULT NULL,
  `created_at` datetime DEFAULT NULL
) ENGINE=InnoDB DEFAULT CHARSET=latin1 COLLATE=latin1_swedish_ci;

--
-- Dumping data for table `countries`
--

INSERT INTO `countries` (`id`, `name`, `code`, `updated_at`, `created_at`) VALUES
(191, 'Somalia', 'so', NULL, NULL);

-- --------------------------------------------------------

--
-- Table structure for table `currencies`
--

CREATE TABLE `currencies` (
  `id` int(10) UNSIGNED NOT NULL,
  `priority` int(11) NOT NULL,
  `iso_code` varchar(191) NOT NULL,
  `name` varchar(191) NOT NULL,
  `symbol` varchar(191) NOT NULL,
  `subunit` varchar(191) NOT NULL,
  `subunit_to_unit` int(11) NOT NULL,
  `symbol_first` varchar(191) NOT NULL,
  `html_entity` varchar(191) NOT NULL,
  `decimal_mark` varchar(191) NOT NULL,
  `thousands_separator` varchar(191) NOT NULL,
  `iso_numeric` int(11) NOT NULL,
  `is_default` int(1) NOT NULL DEFAULT 0
) ENGINE=InnoDB DEFAULT CHARSET=utf8mb4 COLLATE=utf8mb4_unicode_ci;

--
-- Dumping data for table `currencies`
--

INSERT INTO `currencies` (`id`, `priority`, `iso_code`, `name`, `symbol`, `subunit`, `subunit_to_unit`, `symbol_first`, `html_entity`, `decimal_mark`, `thousands_separator`, `iso_numeric`, `is_default`) VALUES
(1, 100, 'AED', 'United Arab Emirates Dirham', 'ÿØ.ÿ•', 'Fils', 100, 'true', '', '.', ',', 784, 0),
(2, 100, 'AFN', 'Afghan Afghani', 'ÿã', 'Pul', 100, 'false', '', '.', ',', 971, 0),
(3, 100, 'ALL', 'Albanian Lek', 'L', 'Qintar', 100, 'false', '', '.', ',', 8, 0),
(4, 100, 'AMD', 'Armenian Dram', '’§÷Ä.', 'Luma', 100, 'false', '', '.', ',', 51, 0),
(5, 100, 'ANG', 'Netherlands Antillean Gulden', '∆í', 'Cent', 100, 'true', '&#x0192;', ',', '.', 532, 0),
(6, 100, 'AOA', 'Angolan Kwanza', 'Kz', 'C√™ntimo', 100, 'false', '', '.', ',', 973, 0),
(7, 100, 'ARS', 'Argentine Peso', '$', 'Centavo', 100, 'true', '&#x20B1;', ',', '.', 32, 0),
(8, 4, 'AUD', 'Australian Dollar', '$', 'Cent', 100, 'true', '$', '.', ',', 36, 0),
(9, 100, 'AWG', 'Aruban Florin', '∆í', 'Cent', 100, 'false', '&#x0192;', '.', ',', 533, 0),
(10, 100, 'AZN', 'Azerbaijani Manat', 'null', 'Q…ôpik', 100, 'true', '', '.', ',', 944, 0),
(11, 100, 'BAM', 'Bosnia and Herzegovina Convertible Mark', '–ö–ú', 'Fening', 100, 'true', '', '.', ',', 977, 0),
(12, 100, 'BBD', 'Barbadian Dollar', '$', 'Cent', 100, 'false', '$', '.', ',', 52, 0),
(13, 100, 'BDT', 'Bangladeshi Taka', '‡ß≥', 'Paisa', 100, 'true', '', '.', ',', 50, 0),
(14, 100, 'BGN', 'Bulgarian Lev', '–ª–≤', 'Stotinka', 100, 'false', '', '.', ',', 975, 0),
(15, 100, 'BHD', 'Bahraini Dinar', 'ÿ®.ÿØ', 'Fils', 1000, 'true', '', '.', ',', 48, 0),
(16, 100, 'BIF', 'Burundian Franc', 'Fr', 'Centime', 100, 'false', '', '.', ',', 108, 0),
(17, 100, 'BMD', 'Bermudian Dollar', '$', 'Cent', 100, 'true', '$', '.', ',', 60, 0),
(18, 100, 'BND', 'Brunei Dollar', '$', 'Sen', 100, 'true', '$', '.', ',', 96, 0),
(19, 100, 'BOB', 'Bolivian Boliviano', 'Bs.', 'Centavo', 100, 'true', '', '.', ',', 68, 0),
(20, 100, 'BRL', 'Brazilian Real', 'R$', 'Centavo', 100, 'true', 'R$', ',', '.', 986, 0),
(21, 100, 'BSD', 'Bahamian Dollar', '$', 'Cent', 100, 'true', '$', '.', ',', 44, 0),
(22, 100, 'BTN', 'Bhutanese Ngultrum', 'Nu.', 'Chertrum', 100, 'false', '', '.', ',', 64, 0),
(23, 100, 'BWP', 'Botswana Pula', 'P', 'Thebe', 100, 'true', '', '.', ',', 72, 0),
(24, 100, 'BYR', 'Belarusian Ruble', 'Br', 'Kapyeyka', 100, 'false', '', '.', ',', 974, 0),
(25, 100, 'BZD', 'Belize Dollar', '$', 'Cent', 100, 'true', '$', '.', ',', 84, 0),
(26, 5, 'CAD', 'Canadian Dollar', '$', 'Cent', 100, 'true', '$', '.', ',', 124, 0),
(27, 100, 'CDF', 'Congolese Franc', 'Fr', 'Centime', 100, 'false', '', '.', ',', 976, 0),
(28, 100, 'CHF', 'Swiss Franc', 'Fr', 'Rappen', 100, 'true', '', '.', ',', 756, 0),
(29, 100, 'CLF', 'Unidad de Fomento', 'UF', 'Peso', 1, 'true', '&#x20B1;', ',', '.', 990, 0),
(30, 100, 'CLP', 'Chilean Peso', '$', 'Peso', 1, 'true', '&#36;', ',', '.', 152, 0),
(31, 100, 'CNY', 'Chinese Renminbi Yuan', '¬•', 'Fen', 100, 'true', '&#20803;', '.', ',', 156, 0),
(32, 100, 'COP', 'Colombian Peso', '$', 'Centavo', 100, 'true', '&#x20B1;', ',', '.', 170, 0),
(33, 100, 'CRC', 'Costa Rican Col√≥n', '‚Ç°', 'C√©ntimo', 100, 'true', '&#x20A1;', ',', '.', 188, 0),
(34, 100, 'CUC', 'Cuban Convertible Peso', '$', 'Centavo', 100, 'false', '', '.', ',', 931, 0),
(35, 100, 'CUP', 'Cuban Peso', '$', 'Centavo', 100, 'true', '&#x20B1;', '.', ',', 192, 0),
(36, 100, 'CVE', 'Cape Verdean Escudo', '$', 'Centavo', 100, 'false', '', '.', ',', 132, 0),
(37, 100, 'CZK', 'Czech Koruna', 'Kƒç', 'Hal√©≈ô', 100, 'true', '', ',', '.', 203, 0),
(38, 100, 'DJF', 'Djiboutian Franc', 'Fdj', 'Centime', 100, 'false', '', '.', ',', 262, 0),
(39, 100, 'DKK', 'Danish Krone', 'kr', '√òre', 100, 'false', '', ',', '.', 208, 0),
(40, 100, 'DOP', 'Dominican Peso', '$', 'Centavo', 100, 'true', '&#x20B1;', '.', ',', 214, 0),
(41, 100, 'DZD', 'Algerian Dinar', 'ÿØ.ÿ¨', 'Centime', 100, 'false', '', '.', ',', 12, 0),
(42, 100, 'EGP', 'Egyptian Pound', 'ÿ¨.ŸÖ', 'Piastre', 100, 'true', '&#x00A3;', '.', ',', 818, 0),
(43, 100, 'ERN', 'Eritrean Nakfa', 'Nfk', 'Cent', 100, 'false', '', '.', ',', 232, 0),
(44, 100, 'ETB', 'Ethiopian Birr', 'Br', 'Santim', 100, 'false', '', '.', ',', 230, 0),
(45, 2, 'EUR', 'Euro', '‚Ç¨', 'Cent', 100, 'true', '&#x20AC;', ',', '.', 978, 0),
(46, 100, 'FJD', 'Fijian Dollar', '$', 'Cent', 100, 'false', '$', '.', ',', 242, 0),
(47, 100, 'FKP', 'Falkland Pound', '¬£', 'Penny', 100, 'false', '&#x00A3;', '.', ',', 238, 0),
(48, 3, 'GBP', 'British Pound', '¬£', 'Penny', 100, 'true', '&#x00A3;', '.', ',', 826, 0),
(49, 100, 'GEL', 'Georgian Lari', '·Éö', 'Tetri', 100, 'false', '', '.', ',', 981, 0),
(50, 100, 'GHS', 'Ghanaian Cedi', '‚Çµ', 'Pesewa', 100, 'true', '&#x20B5;', '.', ',', 936, 0),
(51, 100, 'GIP', 'Gibraltar Pound', '¬£', 'Penny', 100, 'true', '&#x00A3;', '.', ',', 292, 0),
(52, 100, 'GMD', 'Gambian Dalasi', 'D', 'Butut', 100, 'false', '', '.', ',', 270, 0),
(53, 100, 'GNF', 'Guinean Franc', 'Fr', 'Centime', 100, 'false', '', '.', ',', 324, 0),
(54, 100, 'GTQ', 'Guatemalan Quetzal', 'Q', 'Centavo', 100, 'true', '', '.', ',', 320, 0),
(55, 100, 'GYD', 'Guyanese Dollar', '$', 'Cent', 100, 'false', '$', '.', ',', 328, 0),
(56, 100, 'HKD', 'Hong Kong Dollar', '$', 'Cent', 100, 'true', '$', '.', ',', 344, 0),
(57, 100, 'HNL', 'Honduran Lempira', 'L', 'Centavo', 100, 'true', '', '.', ',', 340, 0),
(58, 100, 'HRK', 'Croatian Kuna', 'kn', 'Lipa', 100, 'true', '', ',', '.', 191, 0),
(59, 100, 'HTG', 'Haitian Gourde', 'G', 'Centime', 100, 'false', '', '.', ',', 332, 0),
(60, 100, 'HUF', 'Hungarian Forint', 'Ft', 'Fill√©r', 100, 'false', '', ',', '.', 348, 0),
(61, 100, 'IDR', 'Indonesian Rupiah', 'Rp', 'Sen', 100, 'true', '', ',', '.', 360, 0),
(62, 100, 'ILS', 'Israeli New Sheqel', '‚Ç™', 'Agora', 100, 'true', '&#x20AA;', '.', ',', 376, 0),
(63, 100, 'INR', 'Indian Rupee', '‚Çπ', 'Paisa', 100, 'true', '&#x20b9;', '.', ',', 356, 0),
(64, 100, 'IQD', 'Iraqi Dinar', 'ÿπ.ÿØ', 'Fils', 1000, 'false', '', '.', ',', 368, 0),
(65, 100, 'IRR', 'Iranian Rial', 'Ô∑º', 'Dinar', 100, 'true', '&#xFDFC;', '.', ',', 364, 0),
(66, 100, 'ISK', 'Icelandic Kr√≥na', 'kr', 'Eyrir', 100, 'true', '', ',', '.', 352, 0),
(67, 100, 'JMD', 'Jamaican Dollar', '$', 'Cent', 100, 'true', '$', '.', ',', 388, 0),
(68, 100, 'JOD', 'Jordanian Dinar', 'ÿØ.ÿß', 'Piastre', 100, 'true', '', '.', ',', 400, 0),
(69, 6, 'JPY', 'Japanese Yen', '¬•', 'null', 1, 'true', '&#x00A5;', '.', ',', 392, 0),
(70, 100, 'KES', 'Kenyan Shilling', 'KSh', 'Cent', 100, 'true', '', '.', ',', 404, 0),
(71, 100, 'KGS', 'Kyrgyzstani Som', 'som', 'Tyiyn', 100, 'false', '', '.', ',', 417, 0),
(72, 100, 'KHR', 'Cambodian Riel', '·üõ', 'Sen', 100, 'false', '&#x17DB;', '.', ',', 116, 0),
(73, 100, 'KMF', 'Comorian Franc', 'Fr', 'Centime', 100, 'false', '', '.', ',', 174, 0),
(74, 100, 'KPW', 'North Korean Won', '‚Ç©', 'Ch≈èn', 100, 'false', '&#x20A9;', '.', ',', 408, 0),
(75, 100, 'KRW', 'South Korean Won', '‚Ç©', 'null', 1, 'true', '&#x20A9;', '.', ',', 410, 0),
(76, 100, 'KWD', 'Kuwaiti Dinar', 'ÿØ.ŸÉ', 'Fils', 1000, 'true', '', '.', ',', 414, 0),
(77, 100, 'KYD', 'Cayman Islands Dollar', '$', 'Cent', 100, 'true', '$', '.', ',', 136, 0),
(78, 100, 'KZT', 'Kazakhstani Tenge', '„Äí', 'Tiyn', 100, 'false', '', '.', ',', 398, 0),
(79, 100, 'LAK', 'Lao Kip', '‚Ç≠', 'Att', 100, 'false', '&#x20AD;', '.', ',', 418, 0),
(80, 100, 'LBP', 'Lebanese Pound', 'ŸÑ.ŸÑ', 'Piastre', 100, 'true', '&#x00A3;', '.', ',', 422, 0),
(81, 100, 'LKR', 'Sri Lankan Rupee', '‚Ç®', 'Cent', 100, 'false', '&#x0BF9;', '.', ',', 144, 0),
(82, 100, 'LRD', 'Liberian Dollar', '$', 'Cent', 100, 'false', '$', '.', ',', 430, 0),
(83, 100, 'LSL', 'Lesotho Loti', 'L', 'Sente', 100, 'false', '', '.', ',', 426, 0),
(84, 100, 'LTL', 'Lithuanian Litas', 'Lt', 'Centas', 100, 'false', '', '.', ',', 440, 0),
(85, 100, 'LVL', 'Latvian Lats', 'Ls', 'Santƒ´ms', 100, 'true', '', '.', ',', 428, 0),
(86, 100, 'LYD', 'Libyan Dinar', 'ŸÑ.ÿØ', 'Dirham', 1000, 'false', '', '.', ',', 434, 0),
(87, 100, 'MAD', 'Moroccan Dirham', 'ÿØ.ŸÖ.', 'Centime', 100, 'false', '', '.', ',', 504, 0),
(88, 100, 'MDL', 'Moldovan Leu', 'L', 'Ban', 100, 'false', '', '.', ',', 498, 0),
(89, 100, 'MGA', 'Malagasy Ariary', 'Ar', 'Iraimbilanja', 5, 'true', '', '.', ',', 969, 0),
(90, 100, 'MKD', 'Macedonian Denar', '–¥–µ–Ω', 'Deni', 100, 'false', '', '.', ',', 807, 0),
(91, 100, 'MMK', 'Myanmar Kyat', 'K', 'Pya', 100, 'false', '', '.', ',', 104, 0),
(92, 100, 'MNT', 'Mongolian T√∂gr√∂g', '‚ÇÆ', 'M√∂ng√∂', 100, 'false', '&#x20AE;', '.', ',', 496, 0),
(93, 100, 'MOP', 'Macanese Pataca', 'P', 'Avo', 100, 'false', '', '.', ',', 446, 0),
(94, 100, 'MRO', 'Mauritanian Ouguiya', 'UM', 'Khoums', 5, 'false', '', '.', ',', 478, 0),
(95, 100, 'MUR', 'Mauritian Rupee', '‚Ç®', 'Cent', 100, 'true', '&#x20A8;', '.', ',', 480, 0),
(96, 100, 'MVR', 'Maldivian Rufiyaa', 'MVR', 'Laari', 100, 'false', '', '.', ',', 462, 0),
(97, 100, 'MWK', 'Malawian Kwacha', 'MK', 'Tambala', 100, 'false', '', '.', ',', 454, 0),
(98, 100, 'MXN', 'Mexican Peso', '$', 'Centavo', 100, 'true', '$', '.', ',', 484, 0),
(99, 100, 'MYR', 'Malaysian Ringgit', 'RM', 'Sen', 100, 'true', '', '.', ',', 458, 0),
(100, 100, 'MZN', 'Mozambican Metical', 'MTn', 'Centavo', 100, 'true', '', ',', '.', 943, 0),
(101, 100, 'NAD', 'Namibian Dollar', '$', 'Cent', 100, 'false', '$', '.', ',', 516, 0),
(102, 100, 'NGN', 'Nigerian Naira', '‚Ç¶', 'Kobo', 100, 'false', '&#x20A6;', '.', ',', 566, 0),
(103, 100, 'NIO', 'Nicaraguan C√≥rdoba', 'C$', 'Centavo', 100, 'false', '', '.', ',', 558, 0),
(104, 100, 'NOK', 'Norwegian Krone', 'kr', '√òre', 100, 'true', 'kr', ',', '.', 578, 0),
(105, 100, 'NPR', 'Nepalese Rupee', '‚Ç®', 'Paisa', 100, 'true', '&#x20A8;', '.', ',', 524, 0),
(106, 100, 'NZD', 'New Zealand Dollar', '$', 'Cent', 100, 'true', '$', '.', ',', 554, 0),
(107, 100, 'OMR', 'Omani Rial', 'ÿ±.ÿπ.', 'Baisa', 1000, 'true', '&#xFDFC;', '.', ',', 512, 0),
(108, 100, 'PAB', 'Panamanian Balboa', 'B/.', 'Cent√©simo', 100, 'false', '', '.', ',', 590, 0),
(109, 100, 'PEN', 'Peruvian Nuevo Sol', 'S/.', 'C√©ntimo', 100, 'true', 'S/.', '.', ',', 604, 0),
(110, 100, 'PGK', 'Papua New Guinean Kina', 'K', 'Toea', 100, 'false', '', '.', ',', 598, 0),
(111, 100, 'PHP', 'Philippine Peso', '‚Ç±', 'Centavo', 100, 'true', '&#x20B1;', '.', ',', 608, 0),
(112, 100, 'PKR', 'Pakistani Rupee', '‚Ç®', 'Paisa', 100, 'true', '&#x20A8;', '.', ',', 586, 0),
(113, 100, 'PLN', 'Polish Z≈Çoty', 'z≈Ç', 'Grosz', 100, 'false', 'z&#322;', ',', '', 985, 0),
(114, 100, 'PYG', 'Paraguayan Guaran√≠', '‚Ç≤', 'C√©ntimo', 100, 'true', '&#x20B2;', '.', ',', 600, 0),
(115, 100, 'QAR', 'Qatari Riyal', 'ÿ±.ŸÇ', 'Dirham', 100, 'false', '&#xFDFC;', '.', ',', 634, 0),
(116, 100, 'RON', 'Romanian Leu', 'Lei', 'Bani', 100, 'true', '', ',', '.', 946, 0),
(117, 100, 'RSD', 'Serbian Dinar', '–†–°–î', 'Para', 100, 'true', '', '.', ',', 941, 0),
(118, 100, 'RUB', 'Russian Ruble', '—Ä.', 'Kopek', 100, 'false', '&#x0440;&#x0443;&#x0431;', ',', '.', 643, 0),
(119, 100, 'RWF', 'Rwandan Franc', 'FRw', 'Centime', 100, 'false', '', '.', ',', 646, 0),
(120, 100, 'SAR', 'Saudi Riyal', 'ÿ±.ÿ≥', 'Hallallah', 100, 'true', '&#xFDFC;', '.', ',', 682, 0),
(121, 100, 'SBD', 'Solomon Islands Dollar', '$', 'Cent', 100, 'false', '$', '.', ',', 90, 0),
(122, 100, 'SCR', 'Seychellois Rupee', '‚Ç®', 'Cent', 100, 'false', '&#x20A8;', '.', ',', 690, 0),
(123, 100, 'SDG', 'Sudanese Pound', '¬£', 'Piastre', 100, 'true', '', '.', ',', 938, 0),
(124, 100, 'SEK', 'Swedish Krona', 'kr', '√ñre', 100, 'false', '', ',', '', 752, 0),
(125, 100, 'SGD', 'Singapore Dollar', '$', 'Cent', 100, 'true', '$', '.', ',', 702, 0),
(126, 100, 'SHP', 'Saint Helenian Pound', '¬£', 'Penny', 100, 'false', '&#x00A3;', '.', ',', 654, 0),
(127, 100, 'SKK', 'Slovak Koruna', 'Sk', 'Halier', 100, 'true', '', '.', ',', 703, 0),
(128, 100, 'SLL', 'Sierra Leonean Leone', 'Le', 'Cent', 100, 'false', '', '.', ',', 694, 0),
(129, 100, 'SOS', 'Somali Shilling', 'Sh', 'Cent', 100, 'false', '', '.', ',', 706, 0),
(130, 100, 'SRD', 'Surinamese Dollar', '$', 'Cent', 100, 'false', '', '.', ',', 968, 0),
(131, 100, 'SSP', 'South Sudanese Pound', '¬£', 'piaster', 100, 'false', '&#x00A3;', '.', ',', 728, 0),
(132, 100, 'STD', 'S√£o Tom√© and Pr√≠ncipe Dobra', 'Db', 'C√™ntimo', 100, 'false', '', '.', ',', 678, 0),
(133, 100, 'SVC', 'Salvadoran Col√≥n', '‚Ç°', 'Centavo', 100, 'true', '&#x20A1;', '.', ',', 222, 0),
(134, 100, 'SYP', 'Syrian Pound', '¬£S', 'Piastre', 100, 'false', '&#x00A3;', '.', ',', 760, 0),
(135, 100, 'SZL', 'Swazi Lilangeni', 'L', 'Cent', 100, 'true', '', '.', ',', 748, 0),
(136, 100, 'THB', 'Thai Baht', '‡∏ø', 'Satang', 100, 'true', '&#x0E3F;', '.', ',', 764, 0),
(137, 100, 'TJS', 'Tajikistani Somoni', '–Ö–ú', 'Diram', 100, 'false', '', '.', ',', 972, 0),
(138, 100, 'TMT', 'Turkmenistani Manat', 'T', 'Tenge', 100, 'false', '', '.', ',', 934, 0),
(139, 100, 'TND', 'Tunisian Dinar', 'ÿØ.ÿ™', 'Millime', 1000, 'false', '', '.', ',', 788, 0),
(140, 100, 'TOP', 'Tongan Pa ªanga', 'T$', 'Seniti', 100, 'true', '', '.', ',', 776, 0),
(141, 100, 'TRY', 'Turkish Lira', 'TL', 'kuru≈ü', 100, 'false', '', ',', '.', 949, 0),
(142, 100, 'TTD', 'Trinidad and Tobago Dollar', '$', 'Cent', 100, 'false', '$', '.', ',', 780, 0),
(143, 100, 'TWD', 'New Taiwan Dollar', '$', 'Cent', 100, 'true', '$', '.', ',', 901, 0),
(144, 100, 'TZS', 'Tanzanian Shilling', 'Sh', 'Cent', 100, 'true', '', '.', ',', 834, 0),
(145, 100, 'UAH', 'Ukrainian Hryvnia', '‚Ç¥', 'Kopiyka', 100, 'false', '&#x20B4;', '.', ',', 980, 0),
(146, 100, 'UGX', 'Ugandan Shilling', 'USh', 'Cent', 100, 'false', '', '.', ',', 800, 0),
(147, 1, 'USD', 'United States Dollar', '$', 'Cent', 100, 'true', '$', '.', ',', 840, 0),
(148, 100, 'UYU', 'Uruguayan Peso', '$', 'Cent√©simo', 100, 'true', '&#x20B1;', ',', '.', 858, 0),
(149, 100, 'UZS', 'Uzbekistani Som', 'null', 'Tiyin', 100, 'false', '', '.', ',', 860, 0),
(150, 100, 'VEF', 'Venezuelan Bol√≠var', 'Bs F', 'C√©ntimo', 100, 'true', '', ',', '.', 937, 0),
(151, 100, 'VND', 'Vietnamese ƒê·ªìng', '‚Ç´', 'H√†o', 10, 'true', '&#x20AB;', ',', '.', 704, 0),
(152, 100, 'VUV', 'Vanuatu Vatu', 'Vt', 'null', 1, 'true', '', '.', ',', 548, 0),
(153, 100, 'WST', 'Samoan Tala', 'T', 'Sene', 100, 'false', '', '.', ',', 882, 0),
(154, 100, 'XAF', 'Central African Cfa Franc', 'Fr', 'Centime', 100, 'false', '', '.', ',', 950, 0),
(155, 100, 'XAG', 'Silver (Troy Ounce)', 'oz t', 'oz', 1, 'false', '', '.', ',', 961, 0),
(156, 100, 'XAU', 'Gold (Troy Ounce)', 'oz t', 'oz', 1, 'false', '', '.', ',', 959, 0),
(157, 100, 'XCD', 'East Caribbean Dollar', '$', 'Cent', 100, 'true', '$', '.', ',', 951, 0),
(158, 100, 'XDR', 'Special Drawing Rights', 'SDR', '', 1, 'false', '$', '.', ',', 960, 0),
(159, 100, 'XOF', 'West African Cfa Franc', 'Fr', 'Centime', 100, 'false', '', '.', ',', 952, 0),
(160, 100, 'XPF', 'Cfp Franc', 'Fr', 'Centime', 100, 'false', '', '.', ',', 953, 0),
(161, 100, 'YER', 'Yemeni Rial', 'Ô∑º', 'Fils', 100, 'false', '&#xFDFC;', '.', ',', 886, 0),
(162, 100, 'ZAR', 'South African Rand', 'R', 'Cent', 100, 'true', '&#x0052;', '.', ',', 710, 0),
(163, 100, 'ZMK', 'Zambian Kwacha', 'ZK', 'Ngwee', 100, 'false', '', '.', ',', 894, 0),
(164, 100, 'ZMW', 'Zambian Kwacha', 'ZK', 'Ngwee', 100, 'false', '', '.', ',', 967, 0),
(165, 1, 'USD', 'United States Dollar', '$', 'Cent', 100, 'true', '$', '.', ',', 840, 1);

-- --------------------------------------------------------

--
-- Table structure for table `ecommerce_services`
--

CREATE TABLE `ecommerce_services` (
  `id` int(10) UNSIGNED NOT NULL,
  `photo` varchar(191) CHARACTER SET utf8mb4 COLLATE utf8mb4_unicode_ci DEFAULT NULL,
  `title` varchar(255) CHARACTER SET utf8mb4 COLLATE utf8mb4_unicode_ci NOT NULL,
  `description` longtext CHARACTER SET utf8mb4 COLLATE utf8mb4_unicode_ci DEFAULT NULL,
  `order_id` int(10) DEFAULT NULL,
  `created_at` timestamp NOT NULL DEFAULT current_timestamp(),
  `updated_at` timestamp NOT NULL DEFAULT current_timestamp()
) ENGINE=InnoDB DEFAULT CHARSET=utf8mb4 COLLATE=utf8mb4_general_ci;

--
-- Dumping data for table `ecommerce_services`
--

INSERT INTO `ecommerce_services` (`id`, `photo`, `title`, `description`, `order_id`, `created_at`, `updated_at`) VALUES
(1, 'uploads/pages/1682771084_644d0c8c1b63d.jpg', 'This is the best title', 'asdfasd', 20, '2023-04-29 06:24:44', '2023-04-29 06:24:44');

-- --------------------------------------------------------

--
-- Table structure for table `failed_jobs`
--

CREATE TABLE `failed_jobs` (
  `id` bigint(20) UNSIGNED NOT NULL,
  `uuid` varchar(255) NOT NULL,
  `connection` text NOT NULL,
  `queue` text NOT NULL,
  `payload` longtext NOT NULL,
  `exception` longtext NOT NULL,
  `failed_at` timestamp NOT NULL DEFAULT current_timestamp()
) ENGINE=InnoDB DEFAULT CHARSET=utf8mb4 COLLATE=utf8mb4_unicode_ci;

-- --------------------------------------------------------

--
-- Table structure for table `faqs`
--

CREATE TABLE `faqs` (
  `id` int(10) UNSIGNED NOT NULL,
  `title` varchar(255) NOT NULL,
  `body` longtext DEFAULT NULL,
  `is_active` tinyint(1) NOT NULL DEFAULT 1,
  `order_id` int(11) NOT NULL DEFAULT 1,
  `update_by` int(11) DEFAULT NULL,
  `created_by` int(11) DEFAULT NULL,
  `created_at` datetime DEFAULT NULL,
  `updated_at` datetime DEFAULT NULL,
  `updated_by` int(11) DEFAULT NULL
) ENGINE=InnoDB DEFAULT CHARSET=utf8mb4 COLLATE=utf8mb4_unicode_ci ROW_FORMAT=DYNAMIC;

--
-- Dumping data for table `faqs`
--

INSERT INTO `faqs` (`id`, `title`, `body`, `is_active`, `order_id`, `update_by`, `created_by`, `created_at`, `updated_at`, `updated_by`) VALUES
(3, 'What are Digital Business Cards?', 'Digital business cards are a modern way of exchanging a limitless amount contact information. They are digital versions of traditional paper business cards and provide a more efficient way to share every platform you utilize to maintian your brand.  Digital business cards are typically shared via text message, email, or other digital communication platforms. They are also often used with QR codes and today more commonly with NFC (Near Field Communication) technology to quickly and easily share contact.', 0, 1, NULL, 1, '2023-01-14 11:24:58', '2023-04-18 07:29:15', 1),
(4, 'What does NFC mean?', 'Near Field Communication (NFC) technology is a wireless technology that allows two devices to communicate with each other when they are close together. NFC tags can be used to store digital business cards, allowing users to quickly and easily share their contact information with others.', 1, 2, NULL, 1, '2023-01-15 05:15:20', '2023-04-09 10:16:43', 1),
(5, 'What are digital business cards?', 'Digital business cards are a modern way of exchanging a limitless amount contact information. They are digital versions of traditional paper business cards and provide a more efficient way to share every platform you utilize to maintain your brand.  Digital business cards are typically shared via text message, email, or other digital communication platforms. They are also often used with QR codes and today more commonly with NFC (Near Field Communication) technology to quickly and easily share contact information.', 1, 3, NULL, 1, '2023-01-16 10:36:48', '2023-01-20 10:10:09', 1),
(7, 'What are QR Codes', 'Those weird looking boxes that look like a funky art piece is really a QR code. A two-dimensional barcode that can be scanned using a smartphone camera. They can be used to quickly and easily share digital business cards with others. QR codes can be printed on traditional paper business cards or displayed on digital devices, such as tablets or laptops.', 1, 4, NULL, 73, '2023-01-27 06:14:35', NULL, NULL),
(8, 'Why MTGPRO.ME?', 'MTGPRO.ME is the number 1 digital business card solution tailored specifically to mortgage professionals. With industry features like a mortgage calculator on your PROfile, the ability to keep compliant displaying your NMLS ID and Equal Housing logo, and free marketing material with select plans, MTGPRO.ME will not only save you money but also make it easy to scale your business.', 1, 5, NULL, 73, '2023-01-27 06:27:03', '2023-01-28 08:25:03', 73),
(15, 'test', 'test', 1, 6, NULL, 1, '2023-02-13 06:55:00', '2023-02-13 06:55:00', NULL);

-- --------------------------------------------------------

--
-- Table structure for table `languages`
--

CREATE TABLE `languages` (
  `id` bigint(20) UNSIGNED NOT NULL,
  `name` varchar(255) NOT NULL,
  `code` varchar(255) NOT NULL,
  `icon` varchar(255) NOT NULL,
  `direction` varchar(3) NOT NULL DEFAULT 'ltr',
  `created_at` timestamp NULL DEFAULT NULL,
  `updated_at` timestamp NULL DEFAULT NULL
) ENGINE=InnoDB DEFAULT CHARSET=utf8mb4 COLLATE=utf8mb4_unicode_ci;

--
-- Dumping data for table `languages`
--

INSERT INTO `languages` (`id`, `name`, `code`, `icon`, `direction`, `created_at`, `updated_at`) VALUES
(1, 'English', 'en', 'flag-icon-gb', 'ltr', '2022-08-19 23:31:12', '2022-08-19 23:31:12'),
(2, 'Chinese', 'zh', 'flag-icon-cn', 'ltr', '2022-12-20 09:15:21', '2022-12-21 09:46:38'),
(3, 'French', 'fr', 'flag-icon-fr', 'ltr', '2022-12-20 12:47:11', '2022-12-20 12:47:11'),
(4, 'Bislama', 'bi', 'flag-icon-vu', 'ltr', '2022-12-22 07:37:24', '2022-12-22 07:37:24');

-- --------------------------------------------------------

--
-- Table structure for table `locations`
--

CREATE TABLE `locations` (
  `id` int(11) NOT NULL,
  `name` varchar(255) NOT NULL,
  `slug` varchar(255) NOT NULL,
  `order_number` int(11) NOT NULL DEFAULT 0,
  `status` int(3) NOT NULL DEFAULT 0 COMMENT '0 = inactive,\r\n1 = Active',
  `created_at` timestamp NOT NULL DEFAULT current_timestamp(),
  `updated_at` timestamp NOT NULL DEFAULT current_timestamp()
) ENGINE=InnoDB DEFAULT CHARSET=utf8mb4 COLLATE=utf8mb4_general_ci;

-- --------------------------------------------------------

--
-- Table structure for table `migrations`
--

CREATE TABLE `migrations` (
  `id` int(10) UNSIGNED NOT NULL,
  `migration` varchar(255) NOT NULL,
  `batch` int(11) NOT NULL
) ENGINE=InnoDB DEFAULT CHARSET=utf8mb4 COLLATE=utf8mb4_unicode_ci;

--
-- Dumping data for table `migrations`
--

INSERT INTO `migrations` (`id`, `migration`, `batch`) VALUES
(1, '2014_10_12_000000_create_users_table', 1),
(2, '2014_10_12_100000_create_password_resets_table', 1),
(3, '2019_08_19_000000_create_failed_jobs_table', 1),
(4, '2019_12_14_000001_create_personal_access_tokens_table', 1),
(5, '2023_01_18_050842_create_roles_table', 1);

-- --------------------------------------------------------

--
-- Table structure for table `model_has_permissions`
--

CREATE TABLE `model_has_permissions` (
  `permission_id` bigint(20) UNSIGNED NOT NULL,
  `model_type` varchar(255) NOT NULL,
  `model_id` bigint(20) UNSIGNED NOT NULL
) ENGINE=InnoDB DEFAULT CHARSET=utf8mb4 COLLATE=utf8mb4_unicode_ci;

-- --------------------------------------------------------

--
-- Table structure for table `model_has_roles`
--

CREATE TABLE `model_has_roles` (
  `role_id` bigint(20) UNSIGNED NOT NULL,
  `model_type` varchar(255) NOT NULL,
  `model_id` bigint(20) UNSIGNED NOT NULL
) ENGINE=InnoDB DEFAULT CHARSET=utf8mb4 COLLATE=utf8mb4_unicode_ci;

--
-- Dumping data for table `model_has_roles`
--

INSERT INTO `model_has_roles` (`role_id`, `model_type`, `model_id`) VALUES
(1, 'App\\Models\\Admin', 1),
(1, 'App\\Models\\User', 7),
(2, 'App\\Models\\Admin', 2),
(2, 'App\\Models\\Admin', 4),
(2, 'App\\Models\\Admin', 5),
(2, 'App\\Models\\Admin', 7),
(16, 'App\\Models\\Admin', 16),
(16, 'App\\Models\\Admin', 33),
(19, 'App\\Models\\Admin', 13),
(19, 'App\\Models\\Admin', 14),
(19, 'App\\Models\\Admin', 36),
(19, 'App\\Models\\Admin', 41),
(19, 'App\\Models\\Admin', 42),
(20, 'App\\Models\\Admin', 38),
(20, 'App\\Models\\Admin', 40);

-- --------------------------------------------------------

--
-- Table structure for table `orders`
--

CREATE TABLE `orders` (
  `id` bigint(20) UNSIGNED NOT NULL,
  `product_id` int(11) DEFAULT NULL,
  `product_name` varchar(255) DEFAULT NULL,
  `order_number` varchar(255) NOT NULL,
  `quantity` int(11) DEFAULT NULL,
  `discount` float(14,2) DEFAULT 0.00,
  `coupon_discount` float(14,2) NOT NULL DEFAULT 0.00,
  `total_price` float(14,2) DEFAULT 0.00,
  `payment_fee` float(14,2) NOT NULL DEFAULT 0.00,
  `vat` float(14,2) DEFAULT 0.00,
  `grand_total` float DEFAULT 0,
  `discount_percentage` int(11) DEFAULT NULL,
  `user_id` int(11) DEFAULT NULL,
  `order_date` date DEFAULT NULL,
  `payment_method` varchar(255) DEFAULT NULL,
  `payment_status` tinyint(4) NOT NULL DEFAULT 0,
  `created_at` timestamp NULL DEFAULT NULL,
  `updated_at` timestamp NULL DEFAULT NULL,
  `type` int(11) NOT NULL DEFAULT 1 COMMENT '1=Photo Frame,2=gift card'
) ENGINE=InnoDB DEFAULT CHARSET=utf8mb4 COLLATE=utf8mb4_unicode_ci;

-- --------------------------------------------------------

--
-- Table structure for table `our_services`
--

CREATE TABLE `our_services` (
  `id` int(11) NOT NULL,
  `icon` varchar(50) NOT NULL,
  `title` varchar(150) NOT NULL,
  `description` varchar(150) NOT NULL,
  `sort_order` int(11) NOT NULL,
  `created_at` timestamp NOT NULL DEFAULT current_timestamp(),
  `updated_at` timestamp NOT NULL DEFAULT current_timestamp()
) ENGINE=InnoDB DEFAULT CHARSET=utf8mb4 COLLATE=utf8mb4_general_ci;

--
-- Dumping data for table `our_services`
--

INSERT INTO `our_services` (`id`, `icon`, `title`, `description`, `sort_order`, `created_at`, `updated_at`) VALUES
(2, 'fab fa-bitcoin', 'Big Store', 'Lorem ipsum dolor sit amet, consectetur adipiscing elit. Aliquam eu egestas tellus.', 1, '2023-04-26 05:36:53', '2023-04-26 05:36:53'),
(3, 'fab fa-behance-square', 'title', 'Lorem ipsum dolor sit amet, consectetur adipiscing elit. Aliquam eu egestas tellus.', 2, '2023-04-26 05:44:21', '2023-04-26 05:44:45'),
(4, 'fab fa-bitcoin', 'Big Store', 'Lorem ipsum dolor sit amet, consectetur adipiscing elit. Aliquam eu egestas tellus.', 1, '2023-04-26 05:36:53', '2023-04-26 05:36:53'),
(5, 'fab fa-behance-square', 'title', 'Lorem ipsum dolor sit amet, consectetur adipiscing elit. Aliquam eu egestas tellus.', 2, '2023-04-26 05:44:21', '2023-04-26 05:44:45'),
(6, 'fab fa-bitcoin', 'Big Store', 'Lorem ipsum dolor sit amet, consectetur adipiscing elit. Aliquam eu egestas tellus.', 1, '2023-04-26 05:36:53', '2023-04-26 05:36:53'),
(7, 'fab fa-behance-square', 'title', 'Lorem ipsum dolor sit amet, consectetur adipiscing elit. Aliquam eu egestas tellus.', 2, '2023-04-26 05:44:21', '2023-04-26 05:44:45'),
(10, 'fab fa-bitcoin', 'Big Store', 'Lorem ipsum dolor sit amet, consectetur adipiscing elit. Aliquam eu egestas tellus.', 1, '2023-04-26 05:36:53', '2023-04-26 05:36:53'),
(12, 'fab fa-bitcoin', 'Big Store', 'Lorem ipsum dolor sit amet, consectetur adipiscing elit. Aliquam eu egestas tellus.', 1, '2023-04-26 05:36:53', '2023-04-26 05:36:53');

-- --------------------------------------------------------

--
-- Table structure for table `page_contents`
--

CREATE TABLE `page_contents` (
  `id` int(11) NOT NULL,
  `about_us` text NOT NULL,
  `privacy_policy` text DEFAULT NULL,
  `terms_condition` text DEFAULT NULL,
  `created_at` timestamp NOT NULL DEFAULT current_timestamp(),
  `updated_at` timestamp NOT NULL DEFAULT current_timestamp()
) ENGINE=InnoDB DEFAULT CHARSET=utf8mb4 COLLATE=utf8mb4_general_ci;

--
-- Dumping data for table `page_contents`
--

INSERT INTO `page_contents` (`id`, `about_us`, `privacy_policy`, `terms_condition`, `created_at`, `updated_at`) VALUES
(1, 'Lorem ipsum dolor sit amet, consectetur adipiscing elit. Aliquam eu egestas tellus. Maecenas consectetur libero non velit laoreet posu', 'Lorem ipsum dolor sit amet, consectetur adipiscing elit. Aliquam eu egestas tellus. Maecenas consectetur libero non velit laoreet posuere.', 'Lorem ipsum dolor sit amet, consectetur adipiscing elit. Aliquam eu egestas tellus. Maecenas consectetur libero non velit laoreet posuere.', '2023-04-26 23:08:55', '2023-04-26 23:09:04');

-- --------------------------------------------------------

--
-- Table structure for table `password_resets`
--

CREATE TABLE `password_resets` (
  `email` varchar(255) NOT NULL,
  `token` varchar(255) NOT NULL,
  `created_at` timestamp NULL DEFAULT NULL
) ENGINE=InnoDB DEFAULT CHARSET=utf8mb4 COLLATE=utf8mb4_unicode_ci;

-- --------------------------------------------------------

--
-- Table structure for table `permissions`
--

CREATE TABLE `permissions` (
  `id` bigint(20) UNSIGNED NOT NULL,
  `name` varchar(124) NOT NULL,
  `group_name` varchar(124) DEFAULT NULL,
  `guard_name` varchar(255) NOT NULL,
  `created_at` timestamp NULL DEFAULT NULL,
  `updated_at` timestamp NULL DEFAULT NULL
) ENGINE=InnoDB DEFAULT CHARSET=utf8mb4 COLLATE=utf8mb4_unicode_ci;

--
-- Dumping data for table `permissions`
--

INSERT INTO `permissions` (`id`, `name`, `group_name`, `guard_name`, `created_at`, `updated_at`) VALUES
(1, 'admin.user.index', 'admin', 'admin', '2023-01-24 01:52:41', '2023-01-24 01:52:41'),
(2, 'admin.user.create', 'admin', 'admin', '2023-01-24 01:52:50', '2023-01-24 01:52:50'),
(3, 'admin.user.edit', 'admin', 'admin', NULL, NULL),
(4, 'admin.user.destroy', 'admin', 'admin', NULL, NULL),
(5, 'admin.cpage.index', 'custom-page', 'admin', NULL, NULL),
(6, 'admin.cpage.create', 'custom-page', 'admin', NULL, NULL),
(7, 'admin.cpage.store', 'custom-page', 'admin', NULL, NULL),
(8, 'admin.cpage.edit', 'custom-page', 'admin', NULL, NULL),
(9, 'admin.cpage.view', 'custom-page', 'admin', NULL, NULL),
(10, 'admin.cpage.update', 'custom-page', 'admin', NULL, NULL),
(11, 'admin.cpage.delete', 'custom-page', 'admin', NULL, NULL),
(16, 'admin.faq.index', 'faq', 'admin', '2023-01-23 19:52:41', '2023-01-23 19:52:41'),
(17, 'admin.faq.create', 'faq', 'admin', '2023-01-23 19:52:50', '2023-01-23 19:52:50'),
(18, 'admin.faq.store', 'faq', 'admin', '2023-01-23 19:52:41', '2023-01-23 19:52:41'),
(19, 'admin.faq.edit', 'faq', 'admin', '2023-01-23 19:52:50', '2023-01-23 19:52:50'),
(20, 'admin.faq.view', 'faq', 'admin', '2023-01-23 19:52:41', '2023-01-23 19:52:41'),
(21, 'admin.faq.update', 'faq', 'admin', '2023-01-23 19:52:50', '2023-01-23 19:52:50'),
(29, 'admin.blog-post.index', 'blog-post', 'admin', '2023-01-23 19:52:41', '2023-01-23 19:52:41'),
(30, 'admin.blog-post.create', 'blog-post', 'admin', '2023-01-23 19:52:50', '2023-01-23 19:52:50'),
(31, 'admin.blog-post.store', 'blog-post', 'admin', '2023-01-23 19:52:41', '2023-01-23 19:52:41'),
(32, 'admin.blog-post.edit', 'blog-post', 'admin', '2023-01-23 19:52:50', '2023-01-23 19:52:50'),
(33, 'admin.blog-post.view', 'blog-post', 'admin', '2023-01-23 19:52:41', '2023-01-23 19:52:41'),
(34, 'admin.blog-post.update', 'blog-post', 'admin', '2023-01-23 19:52:50', '2023-01-23 19:52:50'),
(35, 'admin.blog-post.delete', 'blog-post', 'admin', '2023-01-23 19:52:50', '2023-01-23 19:52:50'),
(36, 'admin.contact.index', 'contact', 'admin', '2023-01-23 19:52:41', '2023-01-23 19:52:41'),
(37, 'admin.contact.create', 'contact', 'admin', '2023-01-23 19:52:50', '2023-01-23 19:52:50'),
(38, 'admin.contact.store', 'contact', 'admin', '2023-01-23 19:52:41', '2023-01-23 19:52:41'),
(39, 'admin.contact.edit', 'contact', 'admin', '2023-01-23 19:52:50', '2023-01-23 19:52:50'),
(40, 'admin.contact.view', 'contact', 'admin', '2023-01-23 19:52:41', '2023-01-23 19:52:41'),
(41, 'admin.contact.update', 'contact', 'admin', '2023-01-23 19:52:50', '2023-01-23 19:52:50'),
(42, 'admin.contact.delete', 'contact', 'admin', '2023-01-23 19:52:50', '2023-01-23 19:52:50'),
(57, 'admin.faq.delete', 'faq', 'admin', '2023-01-23 19:52:50', '2023-01-23 19:52:50'),
(58, 'admin.customer.index', 'customer', 'admin', '2023-01-23 19:52:41', '2023-01-23 19:52:41'),
(59, 'admin.customer.create', 'customer', 'admin', '2023-01-23 19:52:50', '2023-01-23 19:52:50'),
(60, 'admin.customer.store', 'customer', 'admin', '2023-01-23 19:52:41', '2023-01-23 19:52:41'),
(61, 'admin.customer.edit', 'customer', 'admin', '2023-01-23 19:52:50', '2023-01-23 19:52:50'),
(62, 'admin.customer.view', 'customer', 'admin', '2023-01-23 19:52:41', '2023-01-23 19:52:41'),
(63, 'admin.customer.update', 'customer', 'admin', '2023-01-23 19:52:50', '2023-01-23 19:52:50'),
(64, 'admin.customer.delete', 'customer', 'admin', '2023-01-23 19:52:50', '2023-01-23 19:52:50'),
(65, 'admin.country.index', 'country', 'admin', '2023-01-23 19:52:41', '2023-01-23 19:52:41'),
(66, 'admin.country.create', 'country', 'admin', '2023-01-23 19:52:50', '2023-01-23 19:52:50'),
(67, 'admin.country.store', 'country', 'admin', '2023-01-23 19:52:41', '2023-01-23 19:52:41'),
(68, 'admin.country.edit', 'country', 'admin', '2023-01-23 19:52:50', '2023-01-23 19:52:50'),
(69, 'admin.country.view', 'country', 'admin', '2023-01-23 19:52:41', '2023-01-23 19:52:41'),
(70, 'admin.country.update', 'country', 'admin', '2023-01-23 19:52:50', '2023-01-23 19:52:50'),
(71, 'admin.country.delete', 'country', 'admin', '2023-01-23 19:52:50', '2023-01-23 19:52:50'),
(72, 'admin.region.index', 'region', 'admin', '2023-01-23 19:52:41', '2023-01-23 19:52:41'),
(73, 'admin.region.create', 'region', 'admin', '2023-01-23 19:52:50', '2023-01-23 19:52:50'),
(74, 'admin.region.store', 'region', 'admin', '2023-01-23 19:52:41', '2023-01-23 19:52:41'),
(75, 'admin.region.edit', 'region', 'admin', '2023-01-23 19:52:50', '2023-01-23 19:52:50'),
(76, 'admin.region.view', 'region', 'admin', '2023-01-23 19:52:41', '2023-01-23 19:52:41'),
(77, 'admin.region.update', 'region', 'admin', '2023-01-23 19:52:50', '2023-01-23 19:52:50'),
(78, 'admin.region.delete', 'region', 'admin', '2023-01-23 19:52:50', '2023-01-23 19:52:50'),
(79, 'admin.cities.index', 'city', 'admin', '2023-01-23 19:52:41', '2023-01-23 19:52:41'),
(80, 'admin.cities.create', 'city', 'admin', '2023-01-23 19:52:50', '2023-01-23 19:52:50'),
(81, 'admin.cities.store', 'city', 'admin', '2023-01-23 19:52:41', '2023-01-23 19:52:41'),
(82, 'admin.cities.edit', 'city', 'admin', '2023-01-23 19:52:50', '2023-01-23 19:52:50'),
(83, 'admin.cities.view', 'city', 'admin', '2023-01-23 19:52:41', '2023-01-23 19:52:41'),
(84, 'admin.cities.update', 'city', 'admin', '2023-01-23 19:52:50', '2023-01-23 19:52:50'),
(85, 'admin.cities.delete', 'city', 'admin', '2023-01-23 19:52:50', '2023-01-23 19:52:50'),
(90, 'admin.merchant.edit', 'merchant', 'admin', '2023-01-23 19:52:50', '2023-01-23 19:52:50'),
(91, 'admin.merchant.view', 'merchant', 'admin', '2023-01-23 19:52:41', '2023-01-23 19:52:41'),
(92, 'admin.merchant.create', 'merchant', 'admin', '2023-01-23 19:52:50', '2023-01-23 19:52:50'),
(93, 'admin.merchant.delete', 'merchant', 'admin', '2023-01-23 19:52:50', '2023-01-23 19:52:50'),
(94, 'admin.pickup-request.edit', 'pickup-request', 'admin', '2023-01-23 19:52:50', '2023-01-23 19:52:50'),
(95, 'admin.pickup-request.view', 'pickup-request', 'admin', '2023-01-23 19:52:41', '2023-01-23 19:52:41'),
(96, 'admin.pickup-request.create', 'pickup-request', 'admin', '2023-01-23 19:52:50', '2023-01-23 19:52:50'),
(97, 'admin.pickup-request.delete', 'pickup-request', 'admin', '2023-01-23 19:52:50', '2023-01-23 19:52:50'),
(98, 'admin.price-group.edit', 'price-group', 'admin', '2023-01-23 19:52:50', '2023-01-23 19:52:50'),
(99, 'admin.price-group.view', 'price-group', 'admin', '2023-01-23 19:52:41', '2023-01-23 19:52:41'),
(100, 'admin.price-group.create', 'price-group', 'admin', '2023-01-23 19:52:50', '2023-01-23 19:52:50'),
(101, 'admin.price-group.delete', 'price-group', 'admin', '2023-01-23 19:52:50', '2023-01-23 19:52:50'),
(102, 'admin.price.edit', 'price', 'admin', '2023-01-23 19:52:50', '2023-01-23 19:52:50'),
(103, 'admin.price.view', 'price', 'admin', '2023-01-23 19:52:41', '2023-01-23 19:52:41'),
(104, 'admin.price.create', 'price', 'admin', '2023-01-23 19:52:50', '2023-01-23 19:52:50'),
(105, 'admin.price.delete', 'price', 'admin', '2023-01-23 19:52:50', '2023-01-23 19:52:50'),
(106, 'admin.weights.edit', 'weights', 'admin', '2023-01-23 19:52:50', '2023-01-23 19:52:50'),
(107, 'admin.weights.view', 'weights', 'admin', '2023-01-23 19:52:41', '2023-01-23 19:52:41'),
(108, 'admin.weights.create', 'weights', 'admin', '2023-01-23 19:52:50', '2023-01-23 19:52:50'),
(109, 'admin.weights.delete', 'weights', 'admin', '2023-01-23 19:52:50', '2023-01-23 19:52:50'),
(110, 'admin.cms.ourservice.edit', 'ourservice', 'admin', '2023-01-23 19:52:50', '2023-01-23 19:52:50'),
(111, 'admin.cms.ourservice.view', 'ourservice', 'admin', '2023-01-23 19:52:41', '2023-01-23 19:52:41'),
(112, 'admin.cms.ourservice.create', 'ourservice', 'admin', '2023-01-23 19:52:50', '2023-01-23 19:52:50'),
(113, 'admin.cms.ourservice.destroy', 'ourservice', 'admin', '2023-01-23 19:52:50', '2023-01-23 19:52:50'),
(114, 'admin.cms.ecommerceService.edit', 'ecommerceService', 'admin', '2023-01-23 19:52:50', '2023-01-23 19:52:50'),
(115, 'admin.cms.ecommerceService.view', 'ecommerceService', 'admin', '2023-01-23 19:52:41', '2023-01-23 19:52:41'),
(116, 'admin.cms.ecommerceService.create', 'ecommerceService', 'admin', '2023-01-23 19:52:50', '2023-01-23 19:52:50'),
(117, 'admin.cms.ecommerceService.destroy', 'ecommerceService', 'admin', '2023-01-23 19:52:50', '2023-01-23 19:52:50'),
(118, 'admin.settings.general_store', 'settings', 'admin', '2023-01-23 19:52:50', '2023-01-23 19:52:50'),
(119, 'admin.settings.general', 'settings', 'admin', '2023-01-23 19:52:50', '2023-01-23 19:52:50'),
(120, 'admin.settings.language', 'settings', 'admin', '2023-01-23 19:52:50', '2023-01-23 19:52:50'),
(121, 'admin.cms.get.pages', 'pages', 'admin', '2023-01-23 19:52:50', '2023-01-23 19:52:50'),
(122, 'admin.merchant.index', 'merchant', 'admin', '2023-01-23 19:52:50', '2023-01-23 19:52:50'),
(123, 'admin.marchant-request.index', 'marchant-request', 'admin', '2023-01-23 19:52:50', '2023-01-23 19:52:50'),
(124, 'admin.marchant-request.show', 'marchant-request', 'admin', '2023-01-23 19:52:50', '2023-01-23 19:52:50'),
(125, 'admin.marchant-request.approved', 'marchant-request', 'admin', '2023-01-23 19:52:50', '2023-01-23 19:52:50'),
(126, 'admin.roles.index', 'Roles', 'admin', '2023-01-23 19:52:50', '2023-01-23 19:52:50'),
(127, 'admin.roles.create', 'Roles', 'admin', '2023-01-23 19:52:50', '2023-01-23 19:52:50'),
(128, 'admin.roles.show', 'Roles', 'admin', '2023-01-23 19:52:50', '2023-01-23 19:52:50'),
(129, 'admin.roles.update', 'Roles', 'admin', '2023-01-23 19:52:50', '2023-01-23 19:52:50'),
(130, 'admin.roles.destroy', 'Roles', 'admin', '2023-01-23 19:52:50', '2023-01-23 19:52:50'),
(131, 'admin.permissions.index', 'Permissions', 'admin', '2023-01-23 19:52:50', '2023-01-23 19:52:50'),
(132, 'admin.permissions.create', 'Permissions', 'admin', '2023-01-23 19:52:50', '2023-01-23 19:52:50'),
(133, 'admin.permissions.show', 'Permissions', 'admin', '2023-01-23 19:52:50', '2023-01-23 19:52:50'),
(134, 'admin.Permissions.update', 'Permissions', 'admin', '2023-01-23 19:52:50', '2023-01-23 19:52:50'),
(135, 'admin.permissions.destroy', 'Permissions', 'admin', '2023-01-23 19:52:50', '2023-01-23 19:52:50'),
(136, 'admin.pickup-request.index', 'pickup-request', 'admin', '2023-01-23 19:52:50', '2023-01-23 19:52:50'),
(137, 'admin.price-group.index', 'price-group', 'admin', '2023-01-23 19:52:50', '2023-01-23 19:52:50'),
(138, 'admin.price.index', 'price', 'admin', '2023-01-23 19:52:50', '2023-01-23 19:52:50'),
(139, 'admin.cms.ourservice.index', 'ourservice', 'admin', '2023-01-23 19:52:50', '2023-01-23 19:52:50'),
(140, 'admin.cms.ecommerceService.index', 'ecommerceService', 'admin', '2023-01-23 19:52:50', '2023-01-23 19:52:50'),
(141, 'admin.deliveryman.index', 'deliveryman', 'admin', '2023-01-23 13:52:41', '2023-01-23 13:52:41'),
(142, 'admin.deliveryman.create', 'deliveryman', 'admin', '2023-01-23 13:52:50', '2023-01-23 13:52:50'),
(143, 'admin.deliveryman.store', 'deliveryman', 'admin', '2023-01-23 13:52:41', '2023-01-23 13:52:41'),
(144, 'admin.deliveryman.edit', 'deliveryman', 'admin', '2023-01-23 13:52:50', '2023-01-23 13:52:50'),
(145, 'admin.deliveryman.show', 'deliveryman', 'admin', '2023-01-23 13:52:41', '2023-01-23 13:52:41'),
(146, 'admin.deliveryman.update', 'deliveryman', 'admin', '2023-01-23 13:52:50', '2023-01-23 13:52:50'),
(147, 'admin.deliveryman.view', 'deliveryman', 'admin', '2023-01-23 13:52:50', '2023-01-23 13:52:50'),
(148, 'admin.deliveryman.delete', 'deliveryman', 'admin', '2023-01-23 13:52:41', '2023-01-23 13:52:41'),
(149, 'admin.pickup-request.assign.deliveryman', 'pickup-request', 'admin', '2023-01-23 13:52:41', '2023-01-23 13:52:41'),
(150, 'admin.merchant.transaction.index', 'Transaction', 'admin', '2023-01-23 19:52:50', '2023-01-23 19:52:50'),
(151, 'admin.merchant.transaction.delete', 'Transaction', 'admin', '2023-01-23 19:52:50', '2023-01-23 19:52:50'),
(152, 'admin.merchant.recharge.request', 'Recharge Request', 'admin', '2023-01-23 19:52:50', '2023-01-23 19:52:50'),
(153, 'admin.merchant.recharge.create', 'Recharge Request', 'admin', '2023-01-23 19:52:50', '2023-01-23 19:52:50'),
(154, 'admin.merchant.recharge.update', 'Recharge Request', 'admin', '2023-01-23 19:52:50', '2023-01-23 19:52:50'),
(155, 'admin.merchant.recharge.delete', 'Recharge Request', 'admin', '2023-01-23 19:52:50', '2023-01-23 19:52:50'),
(156, 'admin.merchant.recharge.request.status', 'Recharge Request', 'admin', '2023-01-23 19:52:50', '2023-01-23 19:52:50'),
(157, 'admin.merchant-request.index', 'Merchant-Request', 'admin', '2023-01-23 13:52:41', '2023-01-23 13:52:41'),
(158, 'admin.merchant-request.show', 'Merchant-Request', 'admin', '2023-01-23 13:52:41', '2023-01-23 13:52:41'),
(159, 'admin.merchant-request.approved', 'Merchant-Request', 'admin', '2023-01-23 13:52:41', '2023-01-23 13:52:41'),
(160, 'admin.seo.index', NULL, 'admin', '2023-07-06 06:57:13', '2023-07-06 06:57:13'),
(161, 'admin.seo.update', NULL, 'admin', '2023-07-06 06:57:26', '2023-07-06 06:57:26');

-- --------------------------------------------------------

--
-- Table structure for table `personal_access_tokens`
--

CREATE TABLE `personal_access_tokens` (
  `id` bigint(20) UNSIGNED NOT NULL,
  `tokenable_type` varchar(255) NOT NULL,
  `tokenable_id` bigint(20) UNSIGNED NOT NULL,
  `name` varchar(255) NOT NULL,
  `token` varchar(64) NOT NULL,
  `abilities` text DEFAULT NULL,
  `last_used_at` timestamp NULL DEFAULT NULL,
  `created_at` timestamp NULL DEFAULT NULL,
  `updated_at` timestamp NULL DEFAULT NULL
) ENGINE=InnoDB DEFAULT CHARSET=utf8mb4 COLLATE=utf8mb4_unicode_ci;

--
-- Dumping data for table `personal_access_tokens`
--

INSERT INTO `personal_access_tokens` (`id`, `tokenable_type`, `tokenable_id`, `name`, `token`, `abilities`, `last_used_at`, `created_at`, `updated_at`) VALUES
(1, 'App\\Models\\Admin', 40, 'Jafor', '346c13df80f9ce525af5a019bb3a45f2b3a0b6b4a15b95d4e0c6e650b19c1582', '[\"*\"]', NULL, '2023-08-24 05:20:19', '2023-08-24 05:20:19'),
(2, 'App\\Models\\Admin', 40, 'Jafor', '326bc1f720985372604798224718a42444c48723cf2a545104b9a7d746084373', '[\"*\"]', NULL, '2023-08-24 05:27:45', '2023-08-24 05:27:45'),
(3, 'App\\Models\\Admin', 40, 'Jafor', '62fa561e22cef289467f791d5c28533168499ae951a57f7dc63cdff701ebb7c7', '[\"*\"]', NULL, '2023-08-24 05:31:08', '2023-08-24 05:31:08'),
(4, 'App\\Models\\Admin', 40, 'Jafor', '1f51968f8d61f3e6cf2309d9920e113439249f7b1d9589f0fe734da1073f8681', '[\"*\"]', NULL, '2023-08-24 05:33:36', '2023-08-24 05:33:36'),
(5, 'App\\Models\\Admin', 40, 'Jafor', 'a6cbcee9d6c1038d4a26e8d7e61bc6f3039cf2dc137efbad8e14f6124bf6c62f', '[\"*\"]', NULL, '2023-08-24 05:34:35', '2023-08-24 05:34:35'),
(6, 'App\\Models\\Admin', 40, 'Jafor', '8ffb7d05957141beedf62fb70175f257b6fcf83a985fdbcebf2b5537f9b59e03', '[\"*\"]', NULL, '2023-08-24 05:41:16', '2023-08-24 05:41:16'),
(7, 'App\\Models\\Admin', 40, 'Jafor', 'b9052ce65400b22f4a9d4ca5abe859be34b8c57fb03569dfe371d81af71aa2c1', '[\"*\"]', NULL, '2023-08-24 06:08:00', '2023-08-24 06:08:00'),
(8, 'App\\Models\\Admin', 40, 'Jafor', '6922f7d7b97f665ccb42cc719f86be02d3d641af419d7d05e63162a6286cde98', '[\"*\"]', NULL, '2023-08-24 08:39:02', '2023-08-24 08:39:02'),
(9, 'App\\Models\\Admin', 40, 'Jafor', '6b6eb66cc1d8671c2444e9c23a8d388d3c3d8e9c670898324628fd116ad1b765', '[\"*\"]', NULL, '2023-08-24 08:39:32', '2023-08-24 08:39:32'),
(10, 'App\\Models\\Admin', 40, 'Jafor', '2effbeeba64a3a4eb1a9b24c172f4d36810fee340be72f7eb8506b2ccf8626b8', '[\"*\"]', NULL, '2023-08-24 08:42:39', '2023-08-24 08:42:39'),
(11, 'App\\Models\\Admin', 40, 'Jafor', '933f47d52bb1d3232c1e2ca833b5027106e9d133bbadb32890a0562ece57cca9', '[\"*\"]', NULL, '2023-08-24 09:18:13', '2023-08-24 09:18:13'),
(12, 'App\\Models\\Admin', 40, 'Jafor', '8b6379b8a81c1d595580a96d0b7dc6408db5fa5816ff27824eb2a8d3ac307c08', '[\"*\"]', '2023-08-24 09:40:00', '2023-08-24 09:35:14', '2023-08-24 09:40:00'),
(13, 'App\\Models\\Admin', 40, 'Jafor', '6b0da3129a4222b63d79d28303fa695c9fdb273a4905b038a1f5a56b2bb6d2af', '[\"*\"]', '2023-08-26 05:42:56', '2023-08-24 09:43:28', '2023-08-26 05:42:56'),
(14, 'App\\Models\\Admin', 40, 'Jafor', 'c02ed6f284580c0726558c9e8d042ce0bf25bca4e277025b084db54fdc9a6dfb', '[\"*\"]', NULL, '2023-08-24 09:59:23', '2023-08-24 09:59:23'),
(15, 'App\\Models\\Admin', 40, 'Jafor', 'be98a70b69a0fb8e96debcaab559fc8acf7ce76bfd26dd6be2f531d02f0176a6', '[\"*\"]', NULL, '2023-08-26 05:02:46', '2023-08-26 05:02:46'),
(16, 'App\\Models\\Admin', 40, 'Jafor', '1f5a842e8d710f3e2cceb928d97b4e61974cad13a040f8f5ea9bf67a0e356d24', '[\"*\"]', '2023-08-26 06:40:12', '2023-08-26 06:25:16', '2023-08-26 06:40:12'),
(17, 'App\\Models\\Admin', 40, 'Jafor', 'cbc16d12f3a2fbc3bc1cca06f809192eec71bfd26257d5aebad75b222ef21135', '[\"*\"]', '2023-08-26 09:32:00', '2023-08-26 08:03:52', '2023-08-26 09:32:00'),
(18, 'App\\Models\\Admin', 40, 'Jafor', '22c01876c73ad01580bf5ecd497e66ee9bf66e11013f3d099df10d8e30d2fec7', '[\"*\"]', '2023-08-26 12:46:44', '2023-08-26 10:04:25', '2023-08-26 12:46:44'),
(19, 'App\\Models\\Admin', 40, 'Jafor', '4eecd28c6fb5ec19669f714da20d8a09ba3348471373e40231d9a22f6246e291', '[\"*\"]', '2023-08-26 11:49:19', '2023-08-26 11:39:45', '2023-08-26 11:49:19'),
(20, 'App\\Models\\Admin', 40, 'Jafors', 'eb7f0409fb9d830b44d1312616c69e8d7c18c1ff1724ef66aff7dcce0dbf239c', '[\"*\"]', '2023-08-26 12:53:31', '2023-08-26 12:53:30', '2023-08-26 12:53:31'),
(21, 'App\\Models\\Admin', 40, 'Jafors', '439172be41793783adab30df27fc215f19dbab6d7e7cb218cd9de168ea950f80', '[\"*\"]', '2023-08-26 13:05:31', '2023-08-26 12:54:28', '2023-08-26 13:05:31'),
(22, 'App\\Models\\Admin', 40, 'Jafors', 'd7e3a4b14f355faddb1fc6ca71380c71f88cfb74f31a5564d6086e75c35d960d', '[\"*\"]', '2023-08-27 04:14:45', '2023-08-27 04:14:42', '2023-08-27 04:14:45'),
(23, 'App\\Models\\Admin', 40, 'Jafors', '8f0d7221c917531bf8181a11a7366442466da885f170d50aefb80e9846e37c9f', '[\"*\"]', '2023-09-07 05:59:46', '2023-09-07 05:59:39', '2023-09-07 05:59:46'),
(24, 'App\\Models\\Admin', 40, 'Jafors', '08688e6f3b5a50836eaabac1010d8e13d47f199c1af9caae41b84b7606c81b41', '[\"*\"]', '2023-09-24 10:06:53', '2023-09-24 08:13:42', '2023-09-24 10:06:53');

-- --------------------------------------------------------

--
-- Table structure for table `pickup_requests`
--

CREATE TABLE `pickup_requests` (
  `id` int(11) NOT NULL,
  `traking_number` varchar(50) NOT NULL,
  `pickup_name` varchar(255) DEFAULT NULL,
  `pickup_contact_name` varchar(255) DEFAULT NULL,
  `pickup_address` varchar(255) DEFAULT NULL,
  `pickup_street_address` varchar(255) DEFAULT NULL,
  `pickup_city` varchar(255) DEFAULT NULL,
  `pickup_zip` varchar(255) DEFAULT NULL,
  `pickup_mobile` varchar(255) DEFAULT NULL,
  `pickup_email` varchar(255) DEFAULT NULL,
  `delivery_name` varchar(255) DEFAULT NULL,
  `delivery_contact_name` varchar(255) DEFAULT NULL,
  `delivery_address` varchar(255) DEFAULT NULL,
  `delivery_street_address` varchar(255) DEFAULT NULL,
  `delivery_city` varchar(255) DEFAULT NULL,
  `pricing_group_id` int(11) DEFAULT NULL,
  `merchant_id` int(11) DEFAULT NULL,
  `delivery_zip` varchar(50) DEFAULT NULL,
  `delivery_mobile` varchar(50) DEFAULT NULL,
  `quantity` int(10) DEFAULT NULL,
  `weight` varchar(255) DEFAULT NULL,
  `cod_amount` varchar(50) DEFAULT NULL,
  `unit_amount` float(8,2) DEFAULT 0.00,
  `amount` float(8,2) DEFAULT 0.00,
  `payment_status` int(2) NOT NULL DEFAULT 0 COMMENT '0 = unpaid, 1 = paid',
  `description` varchar(255) DEFAULT NULL,
  `deliveryman_id` int(11) DEFAULT NULL,
  `status` int(3) NOT NULL DEFAULT 0 COMMENT '   0 => ''Pending'',\r\n    1 => ''Active'',\r\n    2 => ''Waiting for Delivery Man'',\r\n    3 => ''Picked By Delivery Man'',\r\n    4 => ''Delivered'',\r\n    5 => ''Returned''',
  `created_at` timestamp NOT NULL DEFAULT current_timestamp(),
  `updated_at` timestamp NOT NULL DEFAULT current_timestamp(),
  `created_by` int(10) DEFAULT NULL,
  `updated_by` int(10) DEFAULT NULL,
  `product_name` varchar(512) DEFAULT NULL
) ENGINE=InnoDB DEFAULT CHARSET=utf8mb4 COLLATE=utf8mb4_general_ci;

--
-- Dumping data for table `pickup_requests`
--

INSERT INTO `pickup_requests` (`id`, `traking_number`, `pickup_name`, `pickup_contact_name`, `pickup_address`, `pickup_street_address`, `pickup_city`, `pickup_zip`, `pickup_mobile`, `pickup_email`, `delivery_name`, `delivery_contact_name`, `delivery_address`, `delivery_street_address`, `delivery_city`, `pricing_group_id`, `merchant_id`, `delivery_zip`, `delivery_mobile`, `quantity`, `weight`, `cod_amount`, `unit_amount`, `amount`, `payment_status`, `description`, `deliveryman_id`, `status`, `created_at`, `updated_at`, `created_by`, `updated_by`, `product_name`) VALUES
(4, 'AE18KK2E', 'Salek', 'Salek', 'Dhaka Bangladesh', 'Banani', '2790952', '1200', '01918888844', 'Salek@gmail.com', 'Jorina', 'Jorina', 'Dhaka', 'Mirpur', '2790952', 1, 13, '12', '01999991', 1, '4', '12', 0.00, 0.00, 1, 'No need action', 40, 5, '2023-04-29 03:05:11', '2023-08-24 06:25:11', NULL, NULL, NULL),
(5, '92HE5J7E', 'Guest 1', 'Guest 1', 'Bhola Sadar', 'Bhola', '2790953', '1200', '0191992427', 'guest@gmail', 'Sani', 'Sani', 'Bhola', 'Bhola', '2790953', 1, NULL, '1200', '01699999', 10, '8', '5000', 0.00, 0.00, 1, 'test', 38, 4, '2023-04-29 03:09:20', '2023-07-06 08:53:08', NULL, NULL, NULL),
(6, '29NKR2VQ', 'Kalam', 'Kama', 'Dhaka', 'Dhaka', '2790952', '1222', '01681119999', 'akak@gmail.com', 'Jalal', 'Jalal', 'Dhaka', 'Dahka', '2790952', 2, 36, '122200', '019999999', 110, '5', '100', 0.00, 190.00, 1, '<p>testttt</p>', 40, 3, '2023-06-07 17:33:45', '2023-08-24 06:24:48', NULL, NULL, NULL),
(7, 'MKXZME3Q', NULL, 'Kalam', 'Banani , Dhaka', '3889', '2790953', '1200', '01681993428', 'kalam@gmail.com', 'Sakil', 'sakil khan', 'Mirpur', '3889', '2790952', 1, 36, '1200', '01918889964', 20, '3', '100', 0.00, 40.00, 1, '<p>test</p>', 40, 1, '2023-06-10 00:00:07', '2023-08-26 12:15:11', NULL, NULL, 'TEST'),
(10, 'UCECSHVG', 'Masud', 'Rana', '3164579', '3889', '2790952', '3124', '7964513', 'masud@gmail.com', 'Rana', 'masud', '465312798', '3889', '2790953', 3, NULL, '12', '129714561', 2, '4', '20', 190.00, 380.00, 1, 'Best one is this', 38, 2, '2023-07-06 08:45:09', '2023-07-06 08:47:45', NULL, NULL, 'Watch'),
(11, '5EDB1SWK', 'Tapu', 'Safwan', 'Dhaka', '3889', '2790952', '2321', '978465132', 'safwan@gmail.com', 'Safwan', 'Tapu', 'Gazipur', '3889', '2790953', 1, NULL, '2301', '123465897', 2, '7', '230', 150.00, 300.00, 1, 'Fast delivery, please. I have no time to stay.', 38, 2, '2023-07-06 08:50:38', '2023-07-06 08:52:56', NULL, NULL, 'Best Clothes'),
(12, 'CFE11VBK', 'Safwan', 'masud', 'dhaka', '3889', '2790953', '230', '02394820', 'kdjsf@gail.com', 'masud', 'Safwan', 'o fdjklsdaf', '3889', '2790953', 3, NULL, '2394', '3242018', 324, '6', '32', 270.00, 87480.00, 1, 'dsafdsafkldasfjasd', 40, 2, '2023-07-06 08:52:48', '2023-08-24 09:36:33', NULL, NULL, 'Dhaka'),
(13, 'OJSJS182', NULL, 'Md Mridul', 'zinda park', '3889', '2790952', '1740', '01794798227', 'mdmridul6088@gmail.com', 'Md Mridul', 'Md Mridul', 'zinda park', '3889', '2790953', 2, 14, '1740', '01794798227', 10, '5', '10', 160.00, 1600.00, 0, '<p>hello</p>', NULL, 2, '2023-08-24 09:39:03', '2023-08-24 09:39:09', NULL, NULL, 'GARRETT - G SERIES G45-1500 THE BEST OUTTA MARKET VALUE FOR MONEY'),
(14, '4MBT1NXQ', NULL, 'Md Mridul', 'Mawna,Sreepur', '3889', '2790952', '1740', '8801794798227', 'mdmridul6088@gmail.com', 'Md Mridul', 'Md Mridul', 'zinda park', '3889', '2790953', 2, 14, '1740', '01794798227', 10, '7', '10', 200.00, 2000.00, 0, '<p>hello</p>', NULL, 2, '2023-08-24 09:39:58', '2023-08-24 09:40:05', NULL, NULL, 'GARRETT - G SERIES G45-1500 THE BEST OUTTA MARKET VALUE FOR MONEY'),
(15, '3VTDD4FH', 'Md Mridul', 'Md Mridul', 'zinda park', '3889', '2790952', '1740', '01794798227', 'mdmridul6088@gmail.com', 'Md Mridul', 'Md Mridul', 'zinda park', '3889', '2790952', 1, NULL, '1740', '01794798227', 10, '6', '12', 140.00, 1400.00, 0, '<p>test</p>', NULL, 1, '2023-08-24 09:49:59', '2023-08-26 06:34:05', NULL, NULL, 'GARRETT - G SERIES G45-1500 THE BEST OUTTA MARKET VALUE FOR MONEY'),
(16, 'HXNJ3BH6', 'indhosnacks', 'Admin', 'Jigjigyar:   Zaad:507799Idaacada:Zaad:509919Berbera:Zaad: 509228', 'Dhaka', '2790952', '34', '527799', 'ronymia.tech@gmail.com', 'Mokaddes', 'Mokaddes', '6VHW+9P Harirad, Somalia', 'Dhaka', '2790953', 1, 105, '4567', '01750899448', 2, '3', '150', 40.00, 80.00, 0, 'asdasd', NULL, 0, '2023-09-02 10:09:30', '2023-09-02 10:09:30', NULL, NULL, 'asdas'),
(17, 'MNNMO3ZJ', 'indhosnacks', 'Admin', 'Jigjigyar:   Zaad:507799Idaacada:Zaad:509919Berbera:Zaad: 509228', 'Dhaka', '2790952', '34', '527799', 'ronymia.tech@gmail.com', 'Mokaddes', 'Mokaddes', '6VHW+9P Harirad, Somalia', 'Dhaka', '2790953', 1, 105, '4567', '01750899448', 2, '3', '150', 40.00, 80.00, 0, 'asdasd', NULL, 0, '2023-09-02 10:10:13', '2023-09-02 10:10:13', NULL, NULL, 'asdas'),
(18, 'TF8PMAU9', 'indhosnacks', 'Admin', 'Hargeisa  :Koodbuur, Boqol jire , buurta kal jeexan  iyo idaacada', 'Dhaka', '2790954', '4567', '527799', 'info@indhosnacks.com', 'abdalle', 'abdalle', 'H36G+XQ9, Hargeisa, Somalia', 'Dhaka', '2790952', 1, 105, '4567', '634790592', 1, '3', '150', 40.00, 40.00, 0, 'adasd', NULL, 0, '2023-09-02 10:57:15', '2023-09-02 10:57:15', NULL, NULL, 'asdasd'),
(19, 'DEMUDFSC', 'Kamal', 'Kamal', 'Mirpur,Dhaka', '3889', '2790952', '7888', '478856666', 'info@kamal.com', 'Faruk', 'Faruk', '22 Mogbazar', '3889', '2790952', 3, 42, '78888', '60168899995', 5, '7', '5000', 200.00, 1000.00, 1, '<p>This is packet of fruits , net wet is 5kg</p>', 40, 4, '2023-09-24 23:56:44', '2023-09-25 00:30:43', NULL, NULL, 'New fruits');

-- --------------------------------------------------------

--
-- Table structure for table `pickup_request_to_deliveryman`
--

CREATE TABLE `pickup_request_to_deliveryman` (
  `id` int(11) NOT NULL,
  `status` int(1) DEFAULT NULL COMMENT '1=accepted, 0=pending ,2 = already accepted By Others',
  `pickup_request_id` int(10) DEFAULT NULL,
  `deliveryman_id` int(11) NOT NULL COMMENT 'from admins table',
  `created_at` datetime DEFAULT NULL,
  `created_by` int(10) DEFAULT NULL,
  `updated_at` datetime DEFAULT NULL,
  `updated_by` int(10) DEFAULT NULL
) ENGINE=InnoDB DEFAULT CHARSET=utf8mb4 COLLATE=utf8mb4_general_ci;

--
-- Dumping data for table `pickup_request_to_deliveryman`
--

INSERT INTO `pickup_request_to_deliveryman` (`id`, `status`, `pickup_request_id`, `deliveryman_id`, `created_at`, `created_by`, `updated_at`, `updated_by`) VALUES
(16, 2, 7, 38, '2023-06-22 14:41:09', NULL, '2023-06-22 14:45:11', NULL),
(17, 1, 7, 40, '2023-06-22 14:41:09', NULL, '2023-06-22 14:45:11', NULL),
(18, 2, 6, 38, '2023-06-22 14:41:14', NULL, '2023-06-22 14:41:19', NULL),
(19, 1, 6, 40, '2023-06-22 14:41:14', NULL, '2023-06-22 14:41:19', NULL),
(20, 1, 5, 38, '2023-07-06 08:41:33', NULL, '2023-07-06 08:42:27', NULL),
(21, 2, 5, 40, '2023-07-06 08:41:33', NULL, '2023-07-06 08:42:27', NULL),
(22, 2, 4, 38, '2023-07-06 08:41:41', NULL, '2023-07-06 08:42:02', NULL),
(23, 1, 4, 40, '2023-07-06 08:41:41', NULL, '2023-07-06 08:42:02', NULL),
(24, 1, 10, 38, '2023-07-06 08:45:29', NULL, '2023-07-06 08:47:45', NULL),
(25, 2, 10, 40, '2023-07-06 08:45:29', NULL, '2023-07-06 08:47:45', NULL),
(26, 1, 11, 38, '2023-07-06 08:50:58', NULL, '2023-07-06 08:51:28', NULL),
(27, 2, 11, 40, '2023-07-06 08:50:58', NULL, '2023-07-06 08:51:28', NULL),
(28, 2, 12, 38, '2023-07-06 08:53:04', NULL, '2023-07-06 08:53:28', NULL),
(29, 1, 12, 40, '2023-07-06 08:53:04', NULL, '2023-07-06 08:53:28', NULL),
(30, 0, 12, 40, '2023-08-24 09:36:33', NULL, '2023-08-24 09:36:33', NULL),
(31, 0, 13, 40, '2023-08-24 09:39:09', NULL, '2023-08-24 09:39:09', NULL),
(32, 0, 14, 40, '2023-08-24 09:40:05', NULL, '2023-08-24 09:40:05', NULL),
(33, 0, 15, 38, '2023-08-24 09:50:13', NULL, '2023-08-24 09:50:13', NULL),
(34, 0, 15, 40, '2023-08-24 09:50:13', NULL, '2023-08-24 09:50:13', NULL),
(35, 2, 19, 38, '2023-09-25 06:15:50', NULL, '2023-09-25 06:30:04', NULL),
(36, 1, 19, 40, '2023-09-25 06:15:50', NULL, '2023-09-25 06:30:04', NULL);

-- --------------------------------------------------------

--
-- Table structure for table `pricings`
--

CREATE TABLE `pricings` (
  `id` int(11) NOT NULL,
  `pricing_group_id` int(10) DEFAULT NULL,
  `item_name` varchar(255) DEFAULT NULL,
  `weight_id` int(11) DEFAULT NULL,
  `products_weight` varchar(255) DEFAULT NULL,
  `status` int(1) DEFAULT NULL,
  `order_id` int(10) DEFAULT NULL,
  `created_at` datetime DEFAULT NULL,
  `created_by` int(10) DEFAULT NULL,
  `updated_at` datetime DEFAULT NULL,
  `updated_by` int(10) DEFAULT NULL,
  `inside_main_city_price` float(13,2) NOT NULL DEFAULT 0.00,
  `inter_city_price` float(12,2) DEFAULT 0.00
) ENGINE=InnoDB DEFAULT CHARSET=utf8mb4 COLLATE=utf8mb4_general_ci;

--
-- Dumping data for table `pricings`
--

INSERT INTO `pricings` (`id`, `pricing_group_id`, `item_name`, `weight_id`, `products_weight`, `status`, `order_id`, `created_at`, `created_by`, `updated_at`, `updated_by`, `inside_main_city_price`, `inter_city_price`) VALUES
(14, 1, 'All Item', 3, NULL, 1, 1, '2023-04-18 09:03:01', NULL, '2023-06-13 09:15:36', NULL, 10.00, 15.00),
(15, 1, 'All Item', 4, NULL, 1, 2, '2023-04-18 09:03:22', NULL, '2023-06-13 09:15:38', NULL, 80.00, 70.00),
(16, 1, 'All Item', 5, NULL, 1, 3, '2023-04-18 09:03:42', NULL, '2023-06-13 09:15:28', NULL, 110.00, 100.00),
(17, 1, 'All Item', 6, NULL, 1, 4, '2023-04-18 09:04:03', NULL, '2023-04-18 09:04:03', NULL, 140.00, 130.00),
(18, 1, 'All Item', 7, NULL, 1, 5, '2023-04-18 09:04:29', NULL, '2023-04-18 09:04:29', NULL, 160.00, 150.00),
(19, 1, 'All Item', 8, NULL, 1, 6, '2023-04-18 09:04:54', NULL, '2023-04-18 09:04:54', NULL, 180.00, 170.00),
(20, 1, 'All Item', 9, NULL, 1, 7, '2023-04-18 09:05:16', NULL, '2023-04-18 09:05:16', NULL, 200.00, 190.00),
(21, 1, 'All Item', 10, NULL, 1, 8, '2023-04-18 09:05:49', NULL, '2023-04-18 09:05:49', NULL, 220.00, 210.00),
(22, 1, 'All Item', 11, NULL, 1, 9, '2023-04-18 09:06:12', NULL, '2023-04-18 09:06:12', NULL, 240.00, 230.00),
(23, 1, 'All Item', 12, NULL, 1, 10, '2023-04-18 09:06:35', NULL, '2023-04-18 09:06:35', NULL, 260.00, 250.00),
(24, 2, 'All Item', 3, NULL, 1, 1, '2023-04-18 09:09:23', NULL, '2023-04-18 09:09:23', NULL, 150.00, 120.00),
(25, 2, 'All Item', 4, NULL, 1, 2, '2023-04-18 09:09:57', NULL, '2023-04-18 09:09:57', NULL, 170.00, 140.00),
(26, 2, 'All Item', 5, NULL, 1, 3, '2023-04-18 09:10:19', NULL, '2023-04-18 09:10:19', NULL, 190.00, 160.00),
(27, 2, 'All Item', 6, NULL, 1, 4, '2023-04-18 09:10:45', NULL, '2023-04-18 09:10:45', NULL, 210.00, 180.00),
(28, 2, 'All Item', 7, NULL, 1, 5, '2023-04-18 09:11:08', NULL, '2023-04-18 09:11:08', NULL, 230.00, 200.00),
(29, 2, 'All Item', 8, NULL, 1, 6, '2023-04-18 09:11:32', NULL, '2023-04-18 09:11:32', NULL, 250.00, 220.00),
(30, 2, 'All Item', 9, NULL, 1, 7, '2023-04-18 09:11:53', NULL, '2023-04-18 09:11:53', NULL, 270.00, 240.00),
(31, 2, 'All Item', 10, NULL, 1, 8, '2023-04-18 09:12:50', NULL, '2023-04-18 09:12:50', NULL, 290.00, 260.00),
(32, 2, 'All Item', 11, NULL, 1, 9, '2023-04-18 09:13:14', NULL, '2023-04-18 09:13:14', NULL, 310.00, 280.00),
(33, 3, 'All Item', 3, NULL, 1, 1, '2023-04-18 09:13:51', NULL, '2023-04-18 09:13:51', NULL, 180.00, 160.00),
(34, 3, 'All Item', 4, NULL, 1, 2, '2023-04-18 09:14:12', NULL, '2023-04-18 09:14:12', NULL, 210.00, 190.00),
(35, 3, 'All Item', 5, NULL, 1, 3, '2023-04-18 09:14:39', NULL, '2023-04-18 09:14:39', NULL, 240.00, 220.00),
(36, 3, 'All Item', 6, NULL, 1, 4, '2023-04-18 09:15:17', NULL, '2023-04-18 09:15:17', NULL, 270.00, 250.00),
(37, 3, 'All Item', 7, NULL, 1, 5, '2023-04-18 09:15:47', NULL, '2023-04-18 09:15:47', NULL, 300.00, 280.00),
(38, 3, 'All Item', 8, NULL, 1, 6, '2023-04-18 09:16:31', NULL, '2023-04-18 09:16:31', NULL, 330.00, 310.00),
(39, 3, 'All Item', 9, NULL, 1, 7, '2023-04-18 09:17:19', NULL, '2023-04-27 06:34:07', NULL, 360.00, 340.00);

-- --------------------------------------------------------

--
-- Table structure for table `pricing_group`
--

CREATE TABLE `pricing_group` (
  `id` int(11) NOT NULL,
  `name` varchar(255) DEFAULT NULL,
  `code` varchar(255) DEFAULT NULL,
  `status` int(1) DEFAULT NULL,
  `order_id` int(10) DEFAULT NULL,
  `created_at` datetime DEFAULT NULL,
  `created_by` int(10) DEFAULT NULL,
  `updated_at` datetime DEFAULT NULL,
  `updated_by` int(10) DEFAULT NULL
) ENGINE=InnoDB DEFAULT CHARSET=utf8mb4 COLLATE=utf8mb4_general_ci;

--
-- Dumping data for table `pricing_group`
--

INSERT INTO `pricing_group` (`id`, `name`, `code`, `status`, `order_id`, `created_at`, `created_by`, `updated_at`, `updated_by`) VALUES
(1, 'Regular Delivery', 'REGULAR', 1, 1, '2023-04-16 00:00:00', NULL, '2023-09-02 10:08:45', NULL),
(2, 'Express Rate Inside City', 'EXPRESS', 1, 2, NULL, NULL, '2023-09-02 10:08:40', NULL),
(3, 'Time Definite Delivery', 'TIME_DEFINITE', 1, 3, NULL, NULL, '2023-09-02 10:08:33', NULL);

-- --------------------------------------------------------

--
-- Table structure for table `recharge_request`
--

CREATE TABLE `recharge_request` (
  `id` int(11) NOT NULL,
  `merchant_id` int(11) DEFAULT NULL,
  `amount` float DEFAULT 0,
  `status` int(11) DEFAULT NULL COMMENT '0=pending,1=approved,2=denied',
  `proof_image` varchar(200) DEFAULT NULL,
  `payment_note` varchar(200) DEFAULT NULL,
  `slip_number` varchar(400) DEFAULT NULL,
  `payment_date` date DEFAULT NULL,
  `created_by` int(4) DEFAULT NULL,
  `created_at` datetime DEFAULT NULL,
  `updated_by` int(4) DEFAULT NULL,
  `updated_at` datetime DEFAULT NULL
) ENGINE=InnoDB DEFAULT CHARSET=utf8mb4 COLLATE=utf8mb4_general_ci ROW_FORMAT=DYNAMIC;

--
-- Dumping data for table `recharge_request`
--

INSERT INTO `recharge_request` (`id`, `merchant_id`, `amount`, `status`, `proof_image`, `payment_note`, `slip_number`, `payment_date`, `created_by`, `created_at`, `updated_by`, `updated_at`) VALUES
(1, 1, 10, 1, NULL, 'testt', '154444', '2023-06-12', NULL, '2023-06-12 08:03:43', NULL, '2023-06-13 12:28:13'),
(2, 36, 500, 1, 'uploads/admin/1686637701_64880c852f74d.jpg', '324234', '324234', '2023-06-13', NULL, '2023-06-13 06:28:21', NULL, '2023-06-13 06:28:54'),
(3, 36, 200, 1, 'uploads/admin/1686643374_648822ae61644.jpg', 'sdfsdfsdf', '234324', '2023-06-13', NULL, '2023-06-13 08:02:54', NULL, '2023-06-13 08:03:28'),
(4, 42, 10, 1, 'uploads/admin/1695619868_65111b1ce2d56.jpg', 'test recharge request', '15222', '2023-09-25', 42, '2023-09-25 05:31:08', NULL, '2023-09-25 05:42:21');

-- --------------------------------------------------------

--
-- Table structure for table `regions`
--

CREATE TABLE `regions` (
  `id` int(11) UNSIGNED NOT NULL,
  `name` varchar(255) NOT NULL,
  `code` varchar(10) NOT NULL,
  `country_id` smallint(5) UNSIGNED NOT NULL,
  `created_at` datetime DEFAULT NULL,
  `updated_at` datetime DEFAULT NULL
) ENGINE=InnoDB DEFAULT CHARSET=latin1 COLLATE=latin1_swedish_ci ROW_FORMAT=DYNAMIC;

--
-- Dumping data for table `regions`
--

INSERT INTO `regions` (`id`, `name`, `code`, `country_id`, `created_at`, `updated_at`) VALUES
(3889, 'Somalia Land', '10', 191, '2023-04-15 10:29:45', '2023-04-15 10:29:45'),
(3890, 'State 2', '2', 191, '2023-04-15 10:30:03', '2023-04-15 10:30:03');

-- --------------------------------------------------------

--
-- Table structure for table `roles`
--

CREATE TABLE `roles` (
  `id` bigint(20) UNSIGNED NOT NULL,
  `name` varchar(255) NOT NULL,
  `guard_name` varchar(100) DEFAULT NULL,
  `created_at` timestamp NULL DEFAULT NULL,
  `updated_at` timestamp NULL DEFAULT NULL
) ENGINE=InnoDB DEFAULT CHARSET=utf8mb4 COLLATE=utf8mb4_unicode_ci;

--
-- Dumping data for table `roles`
--

INSERT INTO `roles` (`id`, `name`, `guard_name`, `created_at`, `updated_at`) VALUES
(1, 'superadmin', 'admin', '2023-01-17 23:50:17', NULL),
(2, 'admin', 'admin', '2023-01-17 23:50:17', NULL),
(16, 'manager', 'admin', '2023-04-17 22:37:58', '2023-04-17 22:37:58'),
(17, 'Writer', 'admin', '2023-04-17 22:39:02', '2023-04-17 22:39:02'),
(19, 'merchant', 'admin', '2023-04-25 23:37:51', '2023-04-25 23:37:51'),
(20, 'deliveryman', 'admin', '2023-06-12 01:21:21', '2023-06-12 01:21:21');

-- --------------------------------------------------------

--
-- Table structure for table `role_has_permissions`
--

CREATE TABLE `role_has_permissions` (
  `permission_id` bigint(20) UNSIGNED NOT NULL,
  `role_id` bigint(20) UNSIGNED NOT NULL
) ENGINE=InnoDB DEFAULT CHARSET=utf8mb4 COLLATE=utf8mb4_unicode_ci;

--
-- Dumping data for table `role_has_permissions`
--

INSERT INTO `role_has_permissions` (`permission_id`, `role_id`) VALUES
(1, 1),
(2, 1),
(3, 1),
(4, 1),
(5, 1),
(6, 1),
(7, 1),
(8, 1),
(9, 1),
(10, 1),
(11, 1),
(16, 1),
(16, 17),
(17, 1),
(17, 17),
(18, 1),
(18, 17),
(19, 1),
(19, 17),
(20, 1),
(20, 17),
(21, 1),
(21, 17),
(29, 1),
(29, 2),
(29, 16),
(30, 1),
(30, 2),
(30, 16),
(31, 1),
(31, 2),
(31, 16),
(32, 1),
(32, 2),
(32, 16),
(33, 1),
(33, 2),
(33, 16),
(34, 1),
(34, 2),
(34, 16),
(35, 1),
(35, 2),
(35, 16),
(36, 1),
(36, 2),
(37, 1),
(37, 2),
(38, 1),
(38, 2),
(39, 1),
(39, 2),
(40, 1),
(40, 2),
(41, 1),
(41, 2),
(42, 1),
(42, 2),
(57, 1),
(57, 17),
(58, 1),
(58, 17),
(59, 1),
(59, 17),
(60, 1),
(60, 17),
(61, 1),
(61, 17),
(62, 1),
(62, 17),
(63, 1),
(63, 17),
(64, 1),
(64, 17),
(65, 1),
(65, 2),
(66, 1),
(66, 2),
(67, 1),
(67, 2),
(68, 1),
(68, 2),
(69, 1),
(69, 2),
(70, 1),
(70, 2),
(71, 1),
(71, 2),
(72, 1),
(72, 16),
(73, 1),
(73, 16),
(74, 1),
(74, 16),
(75, 1),
(75, 16),
(76, 1),
(76, 16),
(77, 1),
(77, 16),
(78, 1),
(78, 16),
(79, 1),
(79, 2),
(79, 16),
(80, 1),
(80, 2),
(80, 16),
(81, 1),
(81, 2),
(81, 16),
(82, 1),
(82, 2),
(82, 16),
(83, 1),
(83, 2),
(83, 16),
(84, 1),
(84, 2),
(84, 16),
(85, 1),
(85, 2),
(85, 16),
(90, 1),
(91, 1),
(92, 1),
(93, 1),
(94, 1),
(94, 19),
(94, 20),
(95, 1),
(95, 19),
(95, 20),
(96, 1),
(96, 19),
(97, 1),
(97, 19),
(98, 1),
(99, 1),
(100, 1),
(101, 1),
(102, 1),
(103, 1),
(104, 1),
(105, 1),
(106, 1),
(107, 1),
(108, 1),
(109, 1),
(110, 1),
(111, 1),
(112, 1),
(113, 1),
(114, 1),
(115, 1),
(116, 1),
(117, 1),
(118, 1),
(119, 1),
(120, 1),
(121, 1),
(122, 1),
(123, 1),
(124, 1),
(125, 1),
(126, 1),
(127, 1),
(128, 1),
(129, 1),
(130, 1),
(131, 1),
(132, 1),
(133, 1),
(134, 1),
(135, 1),
(136, 1),
(136, 19),
(136, 20),
(137, 1),
(138, 1),
(139, 1),
(140, 1),
(141, 1),
(142, 1),
(143, 1),
(144, 1),
(145, 1),
(146, 1),
(147, 1),
(148, 1),
(149, 1),
(150, 1),
(150, 19),
(151, 1),
(152, 1),
(152, 19),
(153, 1),
(153, 19),
(154, 1),
(154, 19),
(155, 1),
(155, 19),
(156, 1),
(156, 19),
(157, 1),
(158, 1),
(159, 1),
(160, 1),
(161, 1);

-- --------------------------------------------------------

--
-- Table structure for table `seos`
--

CREATE TABLE `seos` (
  `id` bigint(20) UNSIGNED NOT NULL,
  `page_slug` varchar(255) NOT NULL,
  `title` varchar(255) DEFAULT NULL,
  `description` text DEFAULT NULL,
  `image` varchar(255) DEFAULT NULL,
  `created_at` timestamp NULL DEFAULT NULL,
  `updated_at` timestamp NULL DEFAULT NULL
) ENGINE=InnoDB DEFAULT CHARSET=utf8mb4 COLLATE=utf8mb4_unicode_ci;

--
-- Dumping data for table `seos`
--

INSERT INTO `seos` (`id`, `page_slug`, `title`, `description`, `image`, `created_at`, `updated_at`) VALUES
(1, 'home', 'Dhereye Delivery - Any Time - Trust Us for Your Delivery Needs', 'Dhereye Delivery -Under this service we are providing document delivery for both corporate and retail customers nationwide. Envelopes weighing between 01 to 200 grams are being serviced. These documents are being distributed vide 600+ outlets across Bangladesh.', 'uploads/seos/1686993586_648d7ab21e28d.png', '2023-07-06 07:04:38', '2023-07-06 07:04:38'),
(2, 'about', 'About dhereye delivery', 'Bangladesh for having been the pioneer of Courier and Parcel Services in this country. From the Corporate Clients to the average person all the persons have been availing the services of dhereye delivery', 'uploads/seos/1688626988_64a6672c5ec13.png', '2023-07-06 07:03:22', '2023-07-06 07:03:22'),
(3, 'contact', 'Contact us', 'We have hundreds of options available. Find something that matches your interests and lifestyle, and budget', 'uploads/seos/1686993632_648d7ae047360.png', '2023-06-16 21:20:32', '2023-06-16 21:20:32'),
(4, 'privacy-policy', 'Privacy Policy', 'Best dhereyedelivery: Privacy Policy, can I get some franchises', 'uploads/seos/1686993432_648d7a18694dd.png', '2023-06-16 21:17:12', '2023-06-16 21:17:12'),
(5, 'pickup-request', 'Pickup Request', 'Best dhereyedelivery: Pickup Request', 'uploads/seos/1686993572_648d7aa4290f2.png', '2023-06-16 21:23:41', '2023-06-16 21:23:41'),
(6, 'terms-and-conditions', 'Terms and Conditions', 'Best dhereyedelivery: Privacy Policy, can I get some franchises', 'uploads/seos/1686993463_648d7a378fc7e.png', '2023-06-16 21:17:43', '2023-06-16 21:17:43'),
(7, 'pricing', 'Pricing', 'The fleet itself also regularly increases considering that the infrastructure demands are growing and growing considering that more intercity and intra-city services are very much a regular need, especially with the introduction of services such as e-commerce on a massive scale throughout the Country.', 'uploads/seos/1688627216_64a6681049f45.png', '2023-07-06 07:06:56', '2023-07-06 07:06:56'),
(8, 'ecommerce', 'Ecommerce', 'Best dhereyedelivery : Ecommerce', 'uploads/seos/1688627227_64a6681be8bde.png', '2023-07-06 07:07:08', '2023-07-06 07:07:08'),
(9, 'merchant-register', 'Dhereye Delivery merchant', 'Dhereye Delivery merchant point are all time accessable for you.', 'uploads/seos/1688627274_64a6684ac36a4.png', '2023-07-06 07:07:54', '2023-07-06 07:07:54'),
(10, 'tracking', 'Tracking', 'Dhereye Delivery tracking is an online tool to track shipments. It supports 159 different couriers including all proudct Trackon. The history page allows easy access to previously tracked shipments. The shipments are retained for 30 days after which they are purged.', 'uploads/seos/1688627437_64a668ed42700.png', '2023-07-06 07:10:37', '2023-07-06 07:10:37');

-- --------------------------------------------------------

--
-- Table structure for table `settings`
--

CREATE TABLE `settings` (
  `id` int(10) UNSIGNED NOT NULL,
  `google_key` varchar(191) DEFAULT NULL,
  `google_analytics_id` varchar(191) DEFAULT NULL,
  `site_name` longtext DEFAULT NULL,
  `site_logo` varchar(191) DEFAULT NULL,
  `favicon` varchar(191) DEFAULT NULL,
  `seo_meta_description` longtext DEFAULT NULL,
  `seo_keywords` longtext DEFAULT NULL,
  `seo_image` varchar(191) DEFAULT NULL,
  `tawk_chat_bot_key` varchar(191) DEFAULT NULL,
  `name` longtext NOT NULL,
  `address` longtext NOT NULL,
  `driver` varchar(191) NOT NULL,
  `host` varchar(191) NOT NULL,
  `port` int(11) NOT NULL,
  `encryption` varchar(191) NOT NULL,
  `username` varchar(191) DEFAULT NULL,
  `password` varchar(191) DEFAULT NULL,
  `status` varchar(191) NOT NULL DEFAULT '1',
  `created_at` timestamp NOT NULL DEFAULT current_timestamp(),
  `updated_at` timestamp NOT NULL DEFAULT current_timestamp(),
  `application_type` varchar(50) DEFAULT NULL,
  `app_mode` varchar(20) DEFAULT NULL COMMENT 'local/live',
  `facebook_client_id` varchar(150) DEFAULT NULL,
  `facebook_client_secret` varchar(150) DEFAULT NULL,
  `google_client_id` varchar(150) DEFAULT NULL,
  `google_client_secret` varchar(150) DEFAULT NULL,
  `copyright_text` varchar(124) DEFAULT NULL,
  `office_address` varchar(150) DEFAULT NULL,
  `facebook_url` varchar(150) DEFAULT NULL,
  `youtube_url` varchar(150) DEFAULT NULL,
  `twitter_url` varchar(150) DEFAULT NULL,
  `linkedin_url` varchar(150) DEFAULT NULL,
  `telegram_url` varchar(150) DEFAULT NULL,
  `whatsapp_number` varchar(150) DEFAULT NULL,
  `ios_app_url` varchar(150) DEFAULT NULL,
  `android_app_url` varchar(150) DEFAULT NULL,
  `email` varchar(150) DEFAULT NULL,
  `phone_no` varchar(150) DEFAULT NULL,
  `support_email` varchar(30) DEFAULT NULL,
  `instagram_url` varchar(255) DEFAULT NULL,
  `recaptcha_enable` tinyint(4) NOT NULL DEFAULT 0,
  `recapcha_site_key` varchar(255) DEFAULT NULL,
  `edahab_api_key` varchar(155) DEFAULT NULL,
  `edahab_agent_code` varchar(155) DEFAULT NULL,
  `zaad_merchant_uid` varchar(155) DEFAULT NULL,
  `zaad_user_id` varchar(155) DEFAULT NULL,
  `zaad_api_key` varchar(155) DEFAULT NULL
) ENGINE=InnoDB DEFAULT CHARSET=utf8mb4 COLLATE=utf8mb4_unicode_ci;

--
-- Dumping data for table `settings`
--

INSERT INTO `settings` (`id`, `google_key`, `google_analytics_id`, `site_name`, `site_logo`, `favicon`, `seo_meta_description`, `seo_keywords`, `seo_image`, `tawk_chat_bot_key`, `name`, `address`, `driver`, `host`, `port`, `encryption`, `username`, `password`, `status`, `created_at`, `updated_at`, `application_type`, `app_mode`, `facebook_client_id`, `facebook_client_secret`, `google_client_id`, `google_client_secret`, `copyright_text`, `office_address`, `facebook_url`, `youtube_url`, `twitter_url`, `linkedin_url`, `telegram_url`, `whatsapp_number`, `ios_app_url`, `android_app_url`, `email`, `phone_no`, `support_email`, `instagram_url`, `recaptcha_enable`, `recapcha_site_key`, `edahab_api_key`, `edahab_agent_code`, `zaad_merchant_uid`, `zaad_user_id`, `zaad_api_key`) VALUES
(1, NULL, NULL, 'Dhereye Delivery', '/uploads/logo/logo-64339ffa1fad6.png', '/uploads/icon/favicon-64339ffa1f5ed.png', 'Welcome to LetsConnect. It‚Äôs more than a digital business card, it‚Äôs a networking sales generator.', 'keyword 1, keyword 2', '/uploads/logo/banner-64339ffa200f4.png', NULL, '', '', '', 'smtp.mailtrap.io', 2525, 'tls', 'maidul@gmailc.om', '123456', '1', '2022-03-12 14:54:38', '2023-09-24 10:06:28', NULL, NULL, '495920045706830', 'dcbac5562d862384bce2918bf025eeaf', NULL, NULL, 'Copyright ¬© LetsConnect. All rights reserved.', 'Dhaka, Bangaldesh', 'https://www.facebook.com', 'https://www.youtube.com', 'https://twitter.com/dhereyedelivery', 'https://www.linkedin.com/dhereyedelivery', '8801515262626', '8801515262626', NULL, NULL, 'infodhereye@delivery.com', '+8801777777777', 'support2@gmail.com', 'https://www.instagram.com/dhereyedelivery', 0, NULL, NULL, NULL, NULL, NULL, NULL);

-- --------------------------------------------------------

--
-- Table structure for table `transactions`
--

CREATE TABLE `transactions` (
  `id` bigint(20) UNSIGNED NOT NULL,
  `txn_type` enum('IN','OUT') DEFAULT NULL,
  `transaction_id` varchar(155) DEFAULT NULL,
  `pickup_request_id` int(10) DEFAULT NULL,
  `recharge_request_id` int(10) DEFAULT NULL COMMENT 'if recharge request and approved by admin ',
  `payment_provider` enum('cash','zaad','edahab','topup_balance') DEFAULT NULL,
  `txn_purpose` varchar(255) DEFAULT NULL,
  `comments` text DEFAULT NULL,
  `user_id` int(10) DEFAULT NULL,
  `amount` float(13,2) DEFAULT NULL COMMENT 'currency Somali Shilling',
  `created_at` timestamp NULL DEFAULT NULL,
  `updated_at` timestamp NULL DEFAULT NULL,
  `created_by` int(10) DEFAULT NULL,
  `updated_by` int(11) DEFAULT NULL
) ENGINE=InnoDB DEFAULT CHARSET=utf8mb4 COLLATE=utf8mb4_unicode_ci;

--
-- Dumping data for table `transactions`
--

INSERT INTO `transactions` (`id`, `txn_type`, `transaction_id`, `pickup_request_id`, `recharge_request_id`, `payment_provider`, `txn_purpose`, `comments`, `user_id`, `amount`, `created_at`, `updated_at`, `created_by`, `updated_by`) VALUES
(2, 'IN', 'Ihv2d2mmop2', NULL, 2, 'cash', NULL, NULL, 36, 500.00, '2023-06-13 00:28:54', '2023-06-13 00:28:54', 1, NULL),
(11, 'OUT', '3BJaZg1cws3', 8, NULL, 'topup_balance', 'Pickup request', NULL, 36, 40.00, '2023-06-13 02:02:04', '2023-06-13 02:02:04', 36, 36),
(12, 'OUT', 'Z8Gn23HCvh12', 6, NULL, 'topup_balance', 'Pickup request', NULL, 36, 190.00, '2023-06-13 02:02:25', '2023-06-13 02:02:25', 36, 36),
(13, 'IN', 'XWbeG6PmKm13', NULL, 3, 'cash', NULL, NULL, 36, 200.00, '2023-06-13 02:03:28', '2023-06-13 02:03:28', 1, NULL),
(14, 'OUT', 'jtAPLcyRBm14', 7, NULL, 'topup_balance', 'Pickup request', NULL, 36, 40.00, '2023-06-13 02:03:41', '2023-06-13 02:03:41', 36, 36),
(15, 'IN', 'kEKckXREpp15', NULL, NULL, 'cash', 'Bonus', 'this is first bonus', 34, 250.00, '2023-06-13 04:30:21', '2023-06-13 04:30:21', 1, 1),
(16, 'IN', '9CeINofe3X16', NULL, 1, 'cash', 'Pickup request', NULL, 1, 10.00, '2023-06-13 06:28:13', '2023-06-13 06:28:13', 1, NULL),
(17, 'IN', 'cVqw7Vkjv117', NULL, NULL, 'cash', 'Bonus', 'test', 36, 15.00, '2023-06-13 06:36:50', '2023-06-13 06:36:50', 1, 1),
(18, 'IN', '9OWWhFrTq118', NULL, NULL, NULL, 'Cancelled Pickup request', NULL, 36, 40.00, '2023-06-22 07:55:58', '2023-06-22 07:55:58', 1, 1),
(19, 'IN', 'ygUQppgCvD19', NULL, NULL, NULL, 'Cancelled Pickup request', NULL, 36, 40.00, '2023-06-22 07:56:03', '2023-06-22 07:56:03', 1, 1),
(20, 'IN', 'BnrfKt1zVP20', NULL, NULL, NULL, 'Bonus', 'this bonus', 42, 5000.00, '2023-09-24 23:29:16', '2023-09-24 23:29:16', 1, 1),
(21, 'IN', 'GpsCmN0z6z21', NULL, 4, 'cash', 'Recharge request', NULL, 42, 10.00, '2023-09-24 23:42:21', '2023-09-24 23:42:21', 1, 1),
(22, 'OUT', 'ltOn9aJxMP22', 19, NULL, NULL, 'Pickup request', NULL, 42, 1000.00, '2023-09-25 00:10:27', '2023-09-25 00:10:27', 42, 42);

--
-- Triggers `transactions`
--
DELIMITER $$
CREATE TRIGGER `aftert_transactions_insert` AFTER INSERT ON `transactions` FOR EACH ROW begin

declare var_total_topup_blance float default 0;

select ifnull(sum(case when txn_type = 'IN' then amount else -amount end),0) into var_total_topup_blance from transactions where user_id = new.user_id;
update admins set topup_blance = var_total_topup_blance where id = new.user_id;

end
$$
DELIMITER ;

-- --------------------------------------------------------

--
-- Table structure for table `users`
--

CREATE TABLE `users` (
  `id` bigint(20) UNSIGNED NOT NULL,
  `name` varchar(255) NOT NULL,
  `email` varchar(255) NOT NULL,
  `email_verified_at` timestamp NULL DEFAULT NULL,
  `password` varchar(255) NOT NULL,
  `phone` varchar(255) DEFAULT NULL,
  `address` varchar(255) DEFAULT NULL,
  `image` varchar(255) DEFAULT NULL,
  `remember_token` varchar(100) DEFAULT NULL,
  `created_at` timestamp NULL DEFAULT NULL,
  `updated_at` timestamp NULL DEFAULT NULL,
  `status` int(1) DEFAULT 1 COMMENT '1=active,0=inactive',
  `provider` varchar(255) DEFAULT NULL,
  `provider_id` varchar(155) DEFAULT NULL
) ENGINE=InnoDB DEFAULT CHARSET=utf8mb4 COLLATE=utf8mb4_unicode_ci;

--
-- Dumping data for table `users`
--

INSERT INTO `users` (`id`, `name`, `email`, `email_verified_at`, `password`, `phone`, `address`, `image`, `remember_token`, `created_at`, `updated_at`, `status`, `provider`, `provider_id`) VALUES
(1, 'User', 'arobil@gmail.com', NULL, '$2y$10$2dL7R/ze5t3ONTwcvy5sve.gIQnk1xoOqzMI0Abpn.oicSACEvdHi', NULL, NULL, NULL, NULL, '2023-01-17 23:50:17', NULL, 1, NULL, NULL),
(2, 'User', 'user@gmail.com', NULL, '$2y$10$Ft9K9HiPn3xff3NT8ujxkeV5XkqyBZ0eMtKTHk1B2c.DyFvxdCJvq', NULL, NULL, NULL, 'TlVMA2R5kLgiEBvt7i9DdBrpVVF4FVz9JuHIfjkCn9SrLl8d5M1PDOr9GRQT', '2023-01-17 23:50:17', '2023-04-10 01:23:05', 1, NULL, NULL),
(4, 'User', 'manager@gmail.com', NULL, '$2y$10$2dL7R/ze5t3ONTwcvy5sve.gIQnk1xoOqzMI0Abpn.oicSACEvdHi', NULL, NULL, NULL, NULL, '2023-01-17 23:50:17', NULL, 1, NULL, NULL),
(5, 'Kamal', 'kamal@gmail.com', NULL, '$2y$10$gRvScj179oVDvKh9cHGEu.WfT4mhlcmnnmmhutDbWSWFKpdzii4tG', NULL, NULL, NULL, NULL, '2023-01-24 06:16:46', '2023-01-24 06:16:46', 1, NULL, NULL),
(6, 'Jamal', 'jamal@gmail.com', NULL, '$2y$10$ZbRkZK8NgPCJ9pO3m4vENeT2My2/q45Cge2ZWB.gy5gRbk9lvvWn6', NULL, NULL, NULL, NULL, '2023-01-24 06:17:44', '2023-01-24 06:17:44', 1, NULL, NULL),
(7, 'Sakil', 'sakil@gmail.com', NULL, '$2y$10$ET7lfcXuc.NEKSesm.N0l.6WjsuZbXCfqYHlmJ43qjofyVXqX6kia', NULL, NULL, NULL, NULL, '2023-01-24 06:18:18', '2023-01-24 06:18:18', 1, NULL, NULL),
(8, 'ami', 'amit@mail.com', NULL, '$2y$10$BMNDvZlUXP9RyseyAWiH/OGT10XNOrBhxEjf8plZ7AjXaBxSodlaS', NULL, NULL, NULL, NULL, '2023-04-10 00:22:13', '2023-04-10 00:22:13', 1, NULL, NULL),
(9, 'Md Maidul', 'maidul.tech@gmail.com', NULL, '6437beccc44cd', NULL, NULL, 'https://lh3.googleusercontent.com/a/AGNmyxbbSxuSUJn4FrjHOHGaiZ-8iE7WLstTqE_UGHDz=s96-c', NULL, '2023-04-13 02:35:24', '2023-04-13 02:35:24', 1, 'google', '107639191533203099239'),
(10, 'Cassidy Patton', 'maduti@mailinator.com', NULL, '$2y$10$xdBvDF1JXC5ffMnEQlKlmuWLMz.NYIqRek5AHK.TWzXLZN7wWPyeS', NULL, NULL, NULL, NULL, '2023-04-15 05:42:41', '2023-04-15 05:42:41', 1, NULL, NULL),
(11, 'Moshiur Rahman', 'moshiur2187@gmail.com', NULL, '$2y$10$bArqZpWunw/HwLWcRZM9GekCnb3wrKmViEzKYSMgO4Ew.g2Ggu9KW', '01770802154', NULL, '1681732799.jpg', NULL, '2023-04-17 05:59:28', '2023-04-17 06:00:00', 1, NULL, NULL);

-- --------------------------------------------------------

--
-- Table structure for table `weights`
--

CREATE TABLE `weights` (
  `id` int(11) NOT NULL,
  `name` varchar(255) DEFAULT NULL,
  `weight` int(11) DEFAULT NULL,
  `status` int(1) DEFAULT NULL,
  `order_id` int(10) DEFAULT NULL,
  `created_at` datetime DEFAULT NULL,
  `created_by` int(10) DEFAULT NULL,
  `updated_at` datetime DEFAULT NULL,
  `updated_by` int(10) DEFAULT NULL
) ENGINE=InnoDB DEFAULT CHARSET=utf8mb4 COLLATE=utf8mb4_general_ci;

--
-- Dumping data for table `weights`
--

INSERT INTO `weights` (`id`, `name`, `weight`, `status`, `order_id`, `created_at`, `created_by`, `updated_at`, `updated_by`) VALUES
(3, 'Up to 1.0 kg', 1, 1, 1, '2023-04-18 08:53:59', NULL, '2023-04-18 08:53:59', NULL),
(4, 'Up to 2.0 kg', 2, 1, 2, '2023-04-18 08:54:09', NULL, '2023-04-18 08:54:09', NULL),
(5, 'Up to 3.0 kg', 3, 1, 3, '2023-04-18 08:54:21', NULL, '2023-04-18 08:54:21', NULL),
(6, 'Up to 4.0 kg', 4, 1, 4, '2023-04-18 08:54:32', NULL, '2023-04-18 08:54:32', NULL),
(7, 'Up to 5.0 kg', 5, 1, 5, '2023-04-18 08:54:41', NULL, '2023-04-18 08:54:41', NULL),
(8, 'Up to 6.0 kg', 6, 1, 7, '2023-04-18 08:54:51', NULL, '2023-04-18 08:54:51', NULL),
(9, 'Up to 7.0 kg', 7, 1, 8, '2023-04-18 08:54:59', NULL, '2023-04-18 08:54:59', NULL),
(10, 'Up to 8.0 kg', 8, 1, 9, '2023-04-18 08:55:08', NULL, '2023-04-18 08:55:08', NULL),
(11, 'Up to 9.0 kg', 9, 1, 10, '2023-04-18 08:55:19', NULL, '2023-04-18 08:55:19', NULL),
(12, 'Up to 10.0 kg', 10, 1, 11, '2023-04-18 08:55:28', NULL, '2023-04-18 08:55:28', NULL);

--
-- Indexes for dumped tables
--

--
-- Indexes for table `admins`
--
ALTER TABLE `admins`
  ADD PRIMARY KEY (`id`),
  ADD UNIQUE KEY `admins_email_unique` (`email`),
  ADD UNIQUE KEY `unique_merchant` (`merchant_number`),
  ADD UNIQUE KEY `merchant_id` (`merchant_id`);

--
-- Indexes for table `api_keys`
--
ALTER TABLE `api_keys`
  ADD PRIMARY KEY (`id`);

--
-- Indexes for table `cities`
--
ALTER TABLE `cities`
  ADD PRIMARY KEY (`id`),
  ADD UNIQUE KEY `id` (`id`),
  ADD KEY `country_region_name` (`country_id`,`region_id`,`name`);

--
-- Indexes for table `config`
--
ALTER TABLE `config`
  ADD PRIMARY KEY (`id`);

--
-- Indexes for table `contacts`
--
ALTER TABLE `contacts`
  ADD PRIMARY KEY (`id`);

--
-- Indexes for table `countries`
--
ALTER TABLE `countries`
  ADD PRIMARY KEY (`id`),
  ADD UNIQUE KEY `name` (`name`),
  ADD UNIQUE KEY `id` (`id`);

--
-- Indexes for table `currencies`
--
ALTER TABLE `currencies`
  ADD PRIMARY KEY (`id`);

--
-- Indexes for table `ecommerce_services`
--
ALTER TABLE `ecommerce_services`
  ADD PRIMARY KEY (`id`);

--
-- Indexes for table `failed_jobs`
--
ALTER TABLE `failed_jobs`
  ADD PRIMARY KEY (`id`),
  ADD UNIQUE KEY `failed_jobs_uuid_unique` (`uuid`);

--
-- Indexes for table `faqs`
--
ALTER TABLE `faqs`
  ADD PRIMARY KEY (`id`),
  ADD KEY `id` (`id`);

--
-- Indexes for table `languages`
--
ALTER TABLE `languages`
  ADD PRIMARY KEY (`id`),
  ADD UNIQUE KEY `languages_name_unique` (`name`),
  ADD UNIQUE KEY `languages_code_unique` (`code`),
  ADD UNIQUE KEY `languages_icon_unique` (`icon`);

--
-- Indexes for table `migrations`
--
ALTER TABLE `migrations`
  ADD PRIMARY KEY (`id`);

--
-- Indexes for table `model_has_permissions`
--
ALTER TABLE `model_has_permissions`
  ADD PRIMARY KEY (`permission_id`,`model_id`,`model_type`),
  ADD KEY `model_has_permissions_model_id_model_type_index` (`model_id`,`model_type`);

--
-- Indexes for table `model_has_roles`
--
ALTER TABLE `model_has_roles`
  ADD PRIMARY KEY (`role_id`,`model_id`,`model_type`),
  ADD KEY `model_has_roles_model_id_model_type_index` (`model_id`,`model_type`);

--
-- Indexes for table `orders`
--
ALTER TABLE `orders`
  ADD PRIMARY KEY (`id`),
  ADD UNIQUE KEY `orders_order_number_unique` (`order_number`);

--
-- Indexes for table `our_services`
--
ALTER TABLE `our_services`
  ADD PRIMARY KEY (`id`);

--
-- Indexes for table `page_contents`
--
ALTER TABLE `page_contents`
  ADD PRIMARY KEY (`id`);

--
-- Indexes for table `password_resets`
--
ALTER TABLE `password_resets`
  ADD KEY `password_resets_email_index` (`email`);

--
-- Indexes for table `permissions`
--
ALTER TABLE `permissions`
  ADD PRIMARY KEY (`id`),
  ADD UNIQUE KEY `id` (`id`);

--
-- Indexes for table `personal_access_tokens`
--
ALTER TABLE `personal_access_tokens`
  ADD PRIMARY KEY (`id`),
  ADD UNIQUE KEY `personal_access_tokens_token_unique` (`token`),
  ADD KEY `personal_access_tokens_tokenable_type_tokenable_id_index` (`tokenable_type`,`tokenable_id`);

--
-- Indexes for table `pickup_requests`
--
ALTER TABLE `pickup_requests`
  ADD PRIMARY KEY (`id`);

--
-- Indexes for table `pickup_request_to_deliveryman`
--
ALTER TABLE `pickup_request_to_deliveryman`
  ADD PRIMARY KEY (`id`);

--
-- Indexes for table `pricings`
--
ALTER TABLE `pricings`
  ADD PRIMARY KEY (`id`);

--
-- Indexes for table `pricing_group`
--
ALTER TABLE `pricing_group`
  ADD PRIMARY KEY (`id`);

--
-- Indexes for table `recharge_request`
--
ALTER TABLE `recharge_request`
  ADD PRIMARY KEY (`id`);

--
-- Indexes for table `regions`
--
ALTER TABLE `regions`
  ADD PRIMARY KEY (`id`),
  ADD UNIQUE KEY `id` (`id`),
  ADD KEY `country_name` (`country_id`,`name`);

--
-- Indexes for table `roles`
--
ALTER TABLE `roles`
  ADD PRIMARY KEY (`id`);

--
-- Indexes for table `role_has_permissions`
--
ALTER TABLE `role_has_permissions`
  ADD PRIMARY KEY (`permission_id`,`role_id`),
  ADD KEY `role_has_permissions_role_id_foreign` (`role_id`);

--
-- Indexes for table `seos`
--
ALTER TABLE `seos`
  ADD PRIMARY KEY (`id`);

--
-- Indexes for table `settings`
--
ALTER TABLE `settings`
  ADD PRIMARY KEY (`id`);

--
-- Indexes for table `transactions`
--
ALTER TABLE `transactions`
  ADD PRIMARY KEY (`id`);

--
-- Indexes for table `users`
--
ALTER TABLE `users`
  ADD PRIMARY KEY (`id`),
  ADD UNIQUE KEY `users_email_unique` (`email`),
  ADD UNIQUE KEY `users_phone_unique` (`phone`);

--
-- Indexes for table `weights`
--
ALTER TABLE `weights`
  ADD PRIMARY KEY (`id`);

--
-- AUTO_INCREMENT for dumped tables
--

--
-- AUTO_INCREMENT for table `admins`
--
ALTER TABLE `admins`
  MODIFY `id` bigint(20) UNSIGNED NOT NULL AUTO_INCREMENT, AUTO_INCREMENT=43;

--
-- AUTO_INCREMENT for table `api_keys`
--
ALTER TABLE `api_keys`
  MODIFY `id` int(11) NOT NULL AUTO_INCREMENT, AUTO_INCREMENT=8;

--
-- AUTO_INCREMENT for table `cities`
--
ALTER TABLE `cities`
  MODIFY `id` int(11) UNSIGNED NOT NULL AUTO_INCREMENT, AUTO_INCREMENT=2790955;

--
-- AUTO_INCREMENT for table `config`
--
ALTER TABLE `config`
  MODIFY `id` int(10) UNSIGNED NOT NULL AUTO_INCREMENT, AUTO_INCREMENT=34;

--
-- AUTO_INCREMENT for table `contacts`
--
ALTER TABLE `contacts`
  MODIFY `id` int(11) NOT NULL AUTO_INCREMENT, AUTO_INCREMENT=34;

--
-- AUTO_INCREMENT for table `countries`
--
ALTER TABLE `countries`
  MODIFY `id` smallint(5) UNSIGNED NOT NULL AUTO_INCREMENT, AUTO_INCREMENT=232;

--
-- AUTO_INCREMENT for table `currencies`
--
ALTER TABLE `currencies`
  MODIFY `id` int(10) UNSIGNED NOT NULL AUTO_INCREMENT, AUTO_INCREMENT=166;

--
-- AUTO_INCREMENT for table `ecommerce_services`
--
ALTER TABLE `ecommerce_services`
  MODIFY `id` int(10) UNSIGNED NOT NULL AUTO_INCREMENT, AUTO_INCREMENT=2;

--
-- AUTO_INCREMENT for table `failed_jobs`
--
ALTER TABLE `failed_jobs`
  MODIFY `id` bigint(20) UNSIGNED NOT NULL AUTO_INCREMENT;

--
-- AUTO_INCREMENT for table `faqs`
--
ALTER TABLE `faqs`
  MODIFY `id` int(10) UNSIGNED NOT NULL AUTO_INCREMENT, AUTO_INCREMENT=16;

--
-- AUTO_INCREMENT for table `languages`
--
ALTER TABLE `languages`
  MODIFY `id` bigint(20) UNSIGNED NOT NULL AUTO_INCREMENT, AUTO_INCREMENT=5;

--
-- AUTO_INCREMENT for table `migrations`
--
ALTER TABLE `migrations`
  MODIFY `id` int(10) UNSIGNED NOT NULL AUTO_INCREMENT, AUTO_INCREMENT=7;

--
-- AUTO_INCREMENT for table `orders`
--
ALTER TABLE `orders`
  MODIFY `id` bigint(20) UNSIGNED NOT NULL AUTO_INCREMENT;

--
-- AUTO_INCREMENT for table `our_services`
--
ALTER TABLE `our_services`
  MODIFY `id` int(11) NOT NULL AUTO_INCREMENT, AUTO_INCREMENT=15;

--
-- AUTO_INCREMENT for table `page_contents`
--
ALTER TABLE `page_contents`
  MODIFY `id` int(11) NOT NULL AUTO_INCREMENT, AUTO_INCREMENT=2;

--
-- AUTO_INCREMENT for table `permissions`
--
ALTER TABLE `permissions`
  MODIFY `id` bigint(20) UNSIGNED NOT NULL AUTO_INCREMENT, AUTO_INCREMENT=162;

--
-- AUTO_INCREMENT for table `personal_access_tokens`
--
ALTER TABLE `personal_access_tokens`
  MODIFY `id` bigint(20) UNSIGNED NOT NULL AUTO_INCREMENT, AUTO_INCREMENT=25;

--
-- AUTO_INCREMENT for table `pickup_requests`
--
ALTER TABLE `pickup_requests`
  MODIFY `id` int(11) NOT NULL AUTO_INCREMENT, AUTO_INCREMENT=20;

--
-- AUTO_INCREMENT for table `pickup_request_to_deliveryman`
--
ALTER TABLE `pickup_request_to_deliveryman`
  MODIFY `id` int(11) NOT NULL AUTO_INCREMENT, AUTO_INCREMENT=37;

--
-- AUTO_INCREMENT for table `pricings`
--
ALTER TABLE `pricings`
  MODIFY `id` int(11) NOT NULL AUTO_INCREMENT, AUTO_INCREMENT=40;

--
-- AUTO_INCREMENT for table `pricing_group`
--
ALTER TABLE `pricing_group`
  MODIFY `id` int(11) NOT NULL AUTO_INCREMENT, AUTO_INCREMENT=5;

--
-- AUTO_INCREMENT for table `recharge_request`
--
ALTER TABLE `recharge_request`
  MODIFY `id` int(11) NOT NULL AUTO_INCREMENT, AUTO_INCREMENT=5;

--
-- AUTO_INCREMENT for table `regions`
--
ALTER TABLE `regions`
  MODIFY `id` int(11) UNSIGNED NOT NULL AUTO_INCREMENT, AUTO_INCREMENT=3891;

--
-- AUTO_INCREMENT for table `roles`
--
ALTER TABLE `roles`
  MODIFY `id` bigint(20) UNSIGNED NOT NULL AUTO_INCREMENT, AUTO_INCREMENT=21;

--
-- AUTO_INCREMENT for table `seos`
--
ALTER TABLE `seos`
  MODIFY `id` bigint(20) UNSIGNED NOT NULL AUTO_INCREMENT, AUTO_INCREMENT=11;

--
-- AUTO_INCREMENT for table `settings`
--
ALTER TABLE `settings`
  MODIFY `id` int(10) UNSIGNED NOT NULL AUTO_INCREMENT, AUTO_INCREMENT=2;

--
-- AUTO_INCREMENT for table `transactions`
--
ALTER TABLE `transactions`
  MODIFY `id` bigint(20) UNSIGNED NOT NULL AUTO_INCREMENT, AUTO_INCREMENT=23;

--
-- AUTO_INCREMENT for table `users`
--
ALTER TABLE `users`
  MODIFY `id` bigint(20) UNSIGNED NOT NULL AUTO_INCREMENT, AUTO_INCREMENT=12;

--
-- AUTO_INCREMENT for table `weights`
--
ALTER TABLE `weights`
  MODIFY `id` int(11) NOT NULL AUTO_INCREMENT, AUTO_INCREMENT=13;
COMMIT;

/*!40101 SET CHARACTER_SET_CLIENT=@OLD_CHARACTER_SET_CLIENT */;
/*!40101 SET CHARACTER_SET_RESULTS=@OLD_CHARACTER_SET_RESULTS */;
/*!40101 SET COLLATION_CONNECTION=@OLD_COLLATION_CONNECTION */;
